"","main_effects_estimate","tmle_estimate","tmle_estimate_initial","tmle_estimate_lower_ci","tmle_estimate_upper_ci","sim"
"1",22.1823972684925,39.295967113279,37.0594214443327,38.027131862395,40.564802364163,1
"2",35.5858437204666,37.2812392291897,34.3534127566789,35.3923397423127,39.1701387160667,2
"3",34.3648949460709,39.7872240743062,37.3133537259073,38.0705155917375,41.5039325568748,3
"4",28.1514895016617,33.6265111623837,33.171256577323,32.3304714527627,34.9225508720046,4
"5",22.1532915102074,35.6045194199458,27.3130613343933,34.4526036274319,36.7564352124596,5
"6",38.5750461000537,37.8947523482568,37.617834114763,36.0974738412795,39.692030855234,6
"7",27.1783184577221,32.7035967860392,32.5065258558809,31.3803833599389,34.0268102121395,7
"8",28.117806897323,36.5639118434824,33.5709953032292,34.8812414199534,38.2465822670114,8
"9",35.6610390932611,37.186842532109,33.8167383067823,35.2143650617355,39.1593200024824,9
"10",24.7371389746746,35.934580252631,33.2019609647299,34.7133081988273,37.1558523064346,10
"11",27.7365589704309,36.4536230246342,32.2842661004092,35.1517984748739,37.7554475743944,11
"12",32.8866594314954,36.0324196467464,36.3833244258286,34.2413433901262,37.8234959033666,12
"13",33.7810941352906,39.5301653978989,38.17040147438,37.8996905918404,41.1606402039574,13
"14",30.3100334449556,36.6880086051537,34.1723025167563,35.2063302914817,38.1696869188256,14
"15",18.6076485421167,34.4807160295135,31.7287521337737,33.1811450217185,35.7802870373084,15
"16",30.6681791673764,35.6241789588852,34.1748541983574,34.4394030098896,36.8089549078809,16
"17",33.566954182173,38.6304997682886,36.9445454576882,36.4572643801077,40.8037351564694,17
"18",35.0751341634579,36.3488577961742,37.1750306509417,34.1166402257961,38.5810753665522,18
"19",40.3333360826517,40.8711970768708,36.6284261133166,39.331152548303,42.4112416054385,19
"20",29.9947490238889,34.0938875381163,30.678986497801,32.8854126690347,35.3023624071979,20
"21",19.8943059635329,35.3282544183256,33.0794518372341,33.883489057045,36.7730197796062,21
"22",30.9428492265807,34.6251374421419,33.4191977293974,32.7644213932032,36.4858534910806,22
"23",21.1863260763159,40.8034648618564,34.2733517078132,39.4659756938775,42.1409540298354,23
"24",37.3524656630148,36.9876604179095,35.0900900594622,35.359969304174,38.6153515316451,24
"25",25.7902416224861,33.1628569594028,32.7182821952505,31.5966834397376,34.7290304790681,25
"26",30.7926493756979,39.8341672322615,36.1813773772651,38.1458846227582,41.5224498417648,26
"27",26.6580552748925,39.3775336349939,36.7700590878414,37.6909890226465,41.0640782473414,27
"28",46.8155764449479,37.0496564554687,35.9994863905833,35.4560193435719,38.6432935673655,28
"29",21.6291584318042,35.9267018396159,29.7684595325883,34.8052619965788,37.048141682653,29
"30",25.8725391534314,34.3950375257001,32.3337804397461,33.1411378668385,35.6489371845616,30
"31",26.1715153089216,37.4390174311287,31.5130932853082,36.2061308853232,38.6719039769342,31
"32",28.758685520304,34.4950178806181,34.4364308222355,32.9792580680861,36.01077769315,32
"33",23.3648752383211,36.2973931471568,30.6633808060281,34.6896281251146,37.9051581691989,33
"34",28.3679936588188,37.5093849642434,36.4731732471282,35.9608109151929,39.057959013294,34
"35",30.9703795202909,40.1980341694387,37.4693887079082,38.4552124901154,41.9408558487619,35
"36",26.9033296590555,37.6267748848746,34.1908583157271,36.0996527154832,39.1538970542661,36
"37",30.5358723602437,33.5559431443463,31.6383829036206,32.4062368075032,34.7056494811893,37
"38",30.0461778013835,38.7590331626159,33.784642491276,37.4800819774369,40.0379843477948,38
"39",20.089768232677,31.9420324185967,28.9024378007763,30.8655849615243,33.0184798756692,39
"40",27.1156716167537,35.0420292370749,33.6972742716909,33.5248099078459,36.5592485663038,40
"41",21.1482778090896,35.9563650757909,33.5773996945879,34.6375638474103,37.2751663041716,41
"42",26.6792410949716,39.3425179741348,33.0173464743406,38.0212757433482,40.6637602049214,42
"43",27.5980209019308,37.5278834595856,33.0480334296918,35.4216049658665,39.6341619533046,43
"44",35.6478906621086,37.0082020141246,35.0002133283872,35.1459805753079,38.8704234529412,44
"45",28.2311515193065,34.0148207885057,32.2353974659199,32.3916324391195,35.6380091378919,45
"46",25.071740575806,37.6490629254102,29.7177466168551,36.1972840312282,39.1008418195922,46
"47",19.0477764958133,35.6060296473964,33.2813929395801,34.302302422084,36.9097568727088,47
"48",19.2159299383557,36.9008253797867,34.809120049219,35.7799388467315,38.0217119128419,48
"49",29.6323548543587,39.1667080472821,30.0646827050638,37.5294038002751,40.804012294289,49
"50",33.5904464456526,37.4634398243166,36.2720227211868,35.7068875110351,39.2199921375981,50
"51",29.2861633900091,35.744964105074,32.1169439819836,34.5465387860998,36.9433894240483,51
"52",21.8606644956265,38.4558589755275,31.9134026257245,37.0631249634546,39.8485929876004,52
"53",36.0894534967531,37.1794367024825,35.8618041610071,35.1240751138464,39.2347982911186,53
"54",21.8947196755336,37.3955284104872,29.7842685894947,36.1502627830949,38.6407940378795,54
"55",23.6108748843355,32.4550917444834,31.7302686124788,31.4856979187891,33.4244855701777,55
"56",29.7144908696638,36.0802574254561,33.7257099729709,34.5707070226515,37.5898078282607,56
"57",28.5994367354577,34.4593046107351,31.6026428233886,32.9543431179107,35.9642661035594,57
"58",33.354063008146,37.6394635039889,34.750150308636,36.0724553648937,39.2064716430842,58
"59",18.5972912471884,37.0615139765616,33.7090737664392,35.352438947044,38.7705890060792,59
"60",25.2003843418398,38.8586198799368,36.63754947008,37.6868651163377,40.0303746435359,60
"61",31.7450143166416,37.218811342764,35.5948406242841,35.8320408268197,38.6055818587084,61
"62",29.8446216741513,35.3943685705668,33.9985865179004,33.8485264206015,36.9402107205321,62
"63",39.8913051689177,33.8742024993675,27.0170331842465,32.4119217519757,35.3364832467592,63
"64",21.4835793770588,35.5821881896518,34.7255679493325,33.6403908474726,37.5239855318311,64
"65",21.7637534864869,39.2050629843404,33.1159709343381,37.9160041860013,40.4941217826795,65
"66",32.9998737417974,36.6296555116345,32.2995487413608,35.4457425533523,37.8135684699167,66
"67",32.7190052441638,37.7919711111897,34.730077845796,36.3415520978602,39.2423901245192,67
"68",16.3595873520613,37.8708269607094,29.0379991280051,36.3078620907382,39.4337918306806,68
"69",28.4014784371986,35.8459595762793,34.2473838175721,34.2913808360736,37.400538316485,69
"70",23.5881922545511,37.6943687626131,32.4292509654384,36.2258506054995,39.1628869197266,70
"71",25.496634882725,36.4986559049458,34.0457355342171,34.9426713275293,38.0546404823624,71
"72",39.7528928116835,35.8635993482923,34.5346474977356,33.8455923986532,37.8816062979314,72
"73",22.7059395245049,35.3779182853483,33.6877973960012,33.9466595485582,36.8091770221384,73
"74",31.3335882785012,38.0714506570652,32.5495188379793,36.1700493856363,39.9728519284942,74
"75",27.3853619915848,35.9983743234308,28.2723632202307,34.7506844030371,37.2460642438245,75
"76",34.9038079715349,36.8217140125085,36.1582313067423,34.7573196430256,38.8861083819914,76
"77",41.566105727955,39.1175939781636,38.9402603924307,37.4234855614709,40.8117023948562,77
"78",26.5066741480714,37.8320096443806,35.392596071441,36.4007884480085,39.2632308407526,78
"79",25.4698491034744,40.3537381665989,34.8528580104652,38.9714044587687,41.7360718744291,79
"80",26.8681664734137,34.2128611048299,33.4488766258267,32.878063038683,35.5476591709769,80
"81",32.1014422438494,34.4749565559134,31.7118308495174,32.987899275742,35.9620138360848,81
"82",28.5911648157452,35.6000194601604,33.0971378042204,33.520949020242,37.6790899000787,82
"83",26.4621525111841,39.834597860261,31.6444137863759,38.4583534099762,41.2108423105458,83
"84",21.9537786652104,36.3961806046399,35.8913572833574,34.4373686156827,38.3549925935971,84
"85",25.8905557600727,33.5805970490225,32.0348992708151,32.2517647207678,34.9094293772772,85
"86",31.8720567373975,36.2075032474555,34.2341237592738,34.3029451471098,38.1120613478013,86
"87",33.3201740431991,41.1602469142261,38.1896896308907,39.5747321254714,42.7457617029808,87
"88",21.2315568655626,34.9033294918595,23.8594960895205,33.7198095715815,36.0868494121376,88
"89",31.9583738973303,38.9358240270194,35.560682174325,37.4895179043266,40.3821301497123,89
"90",42.7783895275922,35.8793214272192,35.4239613898028,33.7318963829454,38.026746471493,90
"91",32.046185610434,39.0474875811285,34.4261470155828,37.7022220889799,40.3927530732772,91
"92",40.8705236921046,35.7417309785726,32.4172809687787,34.0273203558518,37.4561416012934,92
"93",34.202522386601,36.9256113683263,34.5551517352434,35.3281161846906,38.5231065519621,93
"94",10.4500916898875,35.9869219576019,27.5588974411344,34.7567631832057,37.2170807319981,94
"95",22.7600197144877,36.8250814202622,32.0047333446778,35.526403723301,38.1237591172235,95
"96",26.6834634215904,34.5151549310693,34.4149642235917,33.1768550595569,35.8534548025818,96
"97",18.920967181585,33.9640565530624,32.2031471121583,32.7776666902913,35.1504464158335,97
"98",26.956819675593,35.622176775228,33.7889747465468,34.4478798045387,36.7964737459174,98
"99",27.5385596815681,35.529589587584,34.4574658801991,33.9518043780319,37.107374797136,99
"100",21.8142393970959,37.3768971478886,35.6517812495266,36.099948816342,38.6538454794352,100
"101",27.3234954233282,34.7149753591933,33.38572012388,33.3344279771936,36.095522741193,101
"102",25.0421943337022,35.8295090085846,34.7630269961451,34.2065019136715,37.4525161034977,102
"103",28.2316870435899,36.7536514545839,36.0291982292102,34.9672966079538,38.5400063012139,103
"104",25.4705539907197,34.9667474992037,33.8359653005267,33.0573683865261,36.8761266118814,104
"105",22.4588071043961,34.4838220371523,30.1473541294372,33.0749791766087,35.8926648976959,105
"106",35.1306891879127,34.4663654344391,33.8036151806255,32.5251766600278,36.4075542088503,106
"107",39.7815554629492,38.217527374763,36.7511367280638,36.7949284857121,39.6401262638139,107
"108",30.1707870843453,39.5686432599505,37.6153132146259,38.0309399222163,41.1063465976847,108
"109",32.3365139550057,35.3856600666831,32.980393809884,33.9309773151643,36.840342818202,109
"110",26.6076233526849,35.0096201395663,33.0103536668453,33.4449470836422,36.5742931954903,110
"111",31.0451543831912,36.1934546890729,32.1921048140645,34.7273645170587,37.6595448610871,111
"112",29.2101336404936,35.5214541546143,33.830022673739,33.9574691183625,37.0854391908661,112
"113",27.812292485924,33.6183834751915,33.0631150609946,32.1119061303703,35.1248608200127,113
"114",22.8048387548217,33.550303378139,31.4741240567365,32.3857117775187,34.7148949787593,114
"115",36.993876938051,38.2844424547951,36.6198603736346,36.4840334836779,40.0848514259122,115
"116",23.372930216183,35.3475013554465,33.5000606810541,33.9440152840272,36.7509874268657,116
"117",35.2020183595487,38.5046024840988,35.6635665146211,37.3466629968179,39.6625419713797,117
"118",32.5236669938861,34.8244982708808,33.3273870082586,33.6297767487822,36.0192197929793,118
"119",17.4961041861661,35.5586705104462,27.8393150880646,33.9407789018997,37.1765621189926,119
"120",29.6143982373963,37.4957812413657,32.8965073776601,35.9476217555879,39.0439407271435,120
"121",27.927161078773,40.10919343368,36.2971642001667,38.4566476611961,41.7617392061638,121
"122",22.0954053995009,39.330961580376,37.565352964567,37.7073634966019,40.9545596641501,122
"123",40.0392835391186,39.0888525186184,37.7899490627656,36.8751111971481,41.3025938400886,123
"124",26.0846293495419,34.2103614257225,32.9237796215896,32.9330178513415,35.4877050001034,124
"125",19.1868159946006,36.319656352223,32.7396416055581,34.249631116952,38.389681587494,125
"126",35.2318223431366,37.3960084220785,36.5814157477511,35.4290463934694,39.3629704506875,126
"127",26.3206266355474,38.8638084365879,36.8386720620233,37.3962107557572,40.3314061174186,127
"128",15.5719297718069,39.8466569762222,32.7882557769035,38.6116226886043,41.0816912638401,128
"129",31.4130828831978,36.8810596047828,32.9543588844027,35.145603478689,38.6165157308766,129
"130",30.3530624126172,37.7454271530233,35.3027693636259,36.2766166631046,39.2142376429419,130
"131",20.6572515105935,35.8548331955253,33.5103126816601,34.3465330592956,37.363133331755,131
"132",31.1655272203539,37.1290300095419,35.1988601129978,35.8500522558383,38.4080077632456,132
"133",12.2465489797785,34.9983126727779,25.7724945451776,33.9349695103014,36.0616558352544,133
"134",26.6236591243051,34.0422064879682,34.177001375936,32.1240092044884,35.960403771448,134
"135",28.454147669709,34.0539753599722,33.6314314667774,31.7771473019514,36.3308034179931,135
"136",30.7997959930721,36.5704059230206,34.821021211401,34.8692734248742,38.271538421167,136
"137",36.0104066678574,35.6044159351182,34.3727157566825,34.0973239634484,37.1115079067881,137
"138",19.0391695489312,32.9454960075816,32.6703100870925,31.5488211748672,34.342170840296,138
"139",25.1024776292803,36.1181683751332,35.5748044967532,34.6678830018222,37.5684537484443,139
"140",31.8368190422001,37.816140177059,34.7676480131645,36.3341591541101,39.298121200008,140
"141",28.8512855935308,35.7832009777171,34.6065017581214,33.6613734955174,37.9050284599168,141
"142",26.7684081401677,33.8100916241594,33.2248003961545,32.3817940374614,35.2383892108573,142
"143",25.8759537911132,37.7568710113918,34.0298625138962,36.0535555604532,39.4601864623303,143
"144",32.8755673516216,37.802720414724,37.0234041891708,36.0911362531919,39.5143045762561,144
"145",20.5738699908911,35.1931273695582,33.6158921164681,34.0751085874677,36.3111461516487,145
"146",26.9299767427044,32.4344528224134,32.470902322048,31.087629620539,33.7812760242878,146
"147",30.7853831811311,37.1724384996182,32.0300747243263,35.7121697148119,38.6327072844245,147
"148",23.8674009961887,35.9335281128648,34.1439925755814,34.1182027957905,37.7488534299392,148
"149",30.5895092853792,39.3376328793656,34.1051495920609,36.5518182664654,42.1234474922659,149
"150",34.296702654471,37.6859903961846,35.3917963956799,36.245920457229,39.1260603351402,150
"151",29.4710465353907,35.8469784289942,34.6455273165249,34.1403860775678,37.5535707804207,151
"152",27.1136795758197,36.7706633424877,34.8743536224414,35.0030132624871,38.5383134224883,152
"153",27.8106942746046,32.6220608233459,32.3309014023448,31.0020192375485,34.2421024091434,153
"154",28.1121738345719,38.4769987157991,35.1600079380641,36.8247962191,40.1292012124981,154
"155",27.462984931665,36.6552406009901,26.1552633180914,35.1207852203028,38.1896959816773,155
"156",22.9043140521184,38.8729149172509,36.8931482318105,37.5795654328324,40.1662644016693,156
"157",27.5974331079043,34.0495039694369,32.9838662493785,32.5054187087423,35.5935892301315,157
"158",34.714180276576,36.6471902042485,36.2421532792077,34.2478048712949,39.046575537202,158
"159",28.2768014109564,36.3911125541674,33.6415253459813,34.476407512235,38.3058175960998,159
"160",25.8707405129843,37.6658667133752,37.1003409125671,36.2742385090661,39.0574949176842,160
"161",32.7947431680585,37.2798128937976,34.372028237791,36.0242077881277,38.5354179994675,161
"162",26.6444853575375,35.7505480027053,34.3475671891506,34.2242198361311,37.2768761692794,162
"163",24.3832338304213,39.5833374678459,38.521463139751,37.9997526910716,41.1669222446203,163
"164",34.8812201857562,37.7223885395285,34.2656045496836,36.4181324822898,39.0266445967672,164
"165",28.0445364393564,37.4366089867923,29.0376778803424,35.32043479544,39.5527831781446,165
"166",19.6519067684321,38.6565213552837,36.852634791424,37.3449665634658,39.9680761471017,166
"167",26.3523367708711,39.1389028812116,34.3390869361679,37.0499546639406,41.2278510984825,167
"168",29.6495250044283,37.8429017055217,36.9847338968571,35.6914838800138,39.9943195310296,168
"169",25.7117799720625,36.5085312449998,34.3786356766315,35.0034714082031,38.0135910817965,169
"170",26.9476585578291,39.261835278521,38.5704354563543,37.9168721224982,40.6067984345437,170
"171",33.2079122774051,38.3287741719898,31.633844220263,37.1087515268476,39.548796817132,171
"172",23.4732947320755,36.8524735527558,32.9934022359394,35.5140698113981,38.1908772941136,172
"173",33.2306816351263,35.5025289444406,33.6789980559424,34.0468624272492,36.958195461632,173
"174",22.9363861092375,39.9082173556893,29.823950571798,37.585052732177,42.2313819792016,174
"175",23.2650550746468,37.6989641553438,36.6341258815461,36.0264349509442,39.3714933597433,175
"176",22.9313499727192,34.2008597752281,32.4113581592563,32.7565994698115,35.6451200806446,176
"177",25.0381120978618,31.4725360512358,31.5253654512003,30.0098922313331,32.9351798711385,177
"178",29.6642770675939,37.3809432230569,34.2786170839289,36.0681890887346,38.6936973573792,178
"179",28.106339372371,37.9344826486223,35.70057701562,36.2332344145996,39.6357308826451,179
"180",24.4305387468851,40.3844475799459,37.0043802533645,38.2842783240188,42.484616835873,180
"181",29.9649701411768,36.1052958016415,35.3408690493299,33.991529777662,38.219061825621,181
"182",34.0581590783688,35.8859868198938,34.3291039087843,34.5932025425411,37.1787710972465,182
"183",19.244661232961,36.4880290725831,36.0042929129593,35.2370118944967,37.7390462506695,183
"184",30.3698293648635,35.8198750234333,34.7392628092611,34.2864679433929,37.3532821034737,184
"185",26.7336608114909,33.9071505912254,32.8490236492549,32.4475971524291,35.3667040300218,185
"186",33.5794369597385,37.0370090648583,34.1541703239992,35.6827933810882,38.3912247486285,186
"187",31.4837350211359,35.5333146656603,34.7886728599284,33.7671622522825,37.2994670790382,187
"188",16.6505516491689,36.7355849523707,35.5066741881386,35.0694644249751,38.4017054797662,188
"189",26.8932424877917,35.086409349654,34.0529450146237,33.4046698740425,36.7681488252655,189
"190",33.4938137054152,35.5384444959246,35.2404468539058,34.1070720259345,36.9698169659147,190
"191",23.6001902871319,37.1024885871554,34.8174839014948,35.7159191598467,38.4890580144641,191
"192",29.5876327403065,36.3579777618987,33.5908560091281,34.5651244477251,38.1508310760722,192
"193",26.5744663523893,37.953402632609,32.6928390903564,36.6100553325629,39.2967499326551,193
"194",26.953375201533,36.0300536169369,35.8519528108751,34.4846534020381,37.5754538318357,194
"195",20.3539540972283,38.2871571827834,33.7080563634692,37.0996352270699,39.4746791384969,195
"196",27.5398968139253,38.1619124937084,35.7201512372261,36.7074967697151,39.6163282177018,196
"197",22.007104365683,40.7949711918364,30.0878338797646,39.0638364804678,42.5261059032049,197
"198",26.3868650571215,35.0351324022895,33.9353716208633,33.1653228864554,36.9049419181236,198
"199",31.0845992481342,37.2047612151528,36.8723358840675,35.6594463203648,38.7500761099408,199
"200",31.4948809846319,37.4604331394745,35.0490462084517,35.443097587548,39.4777686914009,200
"201",34.5998805746503,37.2726924400174,35.6072298281966,35.9220135628328,38.623371317202,201
"202",22.7500244804879,39.9224093576415,37.1393031435354,38.6022956006542,41.2425231146289,202
"203",25.1465223789028,34.9134051990735,33.4532251012316,33.5009265966546,36.3258838014924,203
"204",29.4745467647871,34.1793525017381,33.229675023304,32.8883329139073,35.4703720895689,204
"205",19.3257420363213,36.1329190054705,33.8862531003485,34.966631313159,37.299206697782,205
"206",46.8015670533884,36.6035417612709,34.7398309205321,35.4312508064739,37.7758327160679,206
"207",32.6127864055509,35.4648065126135,33.596070287605,34.1465943630987,36.7830186621283,207
"208",34.8673365277879,33.8081596152981,33.8671951885666,32.4617050386891,35.1546141919071,208
"209",31.1825289815522,34.4293903411279,34.8492459307011,32.9090201417762,35.9497605404795,209
"210",28.6721328449196,33.1808003954815,31.0864589470792,31.5059698460958,34.8556309448672,210
"211",37.0342748694199,38.0403137072083,34.4142378723572,36.6336193970351,39.4470080173814,211
"212",28.754309662815,35.9823691650856,36.3343230044708,34.3198089654592,37.644929364712,212
"213",30.9824299202299,38.6938134818072,32.1254201035124,37.5152737268071,39.8723532368073,213
"214",25.0131802011623,38.2624792924094,35.9795492022999,36.6050573456584,39.9199012391603,214
"215",37.830928182896,38.9805799197042,35.9056488557367,37.5255674666419,40.4355923727665,215
"216",31.5152399761183,39.5033736505531,36.3770444277405,37.9531121597779,41.0536351413284,216
"217",39.5868336628987,38.9906856998678,24.2446102403421,37.6388540099798,40.3425173897558,217
"218",28.6082191404986,37.8522559273516,37.3945006566777,36.3643080065657,39.3402038481376,218
"219",39.8445577653249,36.5345813743506,34.6577789789493,35.0504227427285,38.0187400059726,219
"220",28.0048373544313,39.1273324104842,36.01230100895,37.517709357635,40.7369554633334,220
"221",31.2530707242831,35.7133439859251,33.263890300941,34.168057591006,37.2586303808443,221
"222",21.9593302832926,34.2004968189543,32.3137646424065,33.0418919120014,35.3591017259073,222
"223",35.0629837020908,36.0360753215119,34.3690759834162,34.387124192424,37.6850264505999,223
"224",40.3515281637285,41.3919407559128,38.9222762342963,39.5635385078602,43.2203430039654,224
"225",34.6479498620685,39.3056389454431,34.7766580976074,37.7377168652085,40.8735610256777,225
"226",27.7987312461068,37.0285282827442,35.9362631117486,35.4259180777993,38.6311384876891,226
"227",22.9733835750543,32.0455233826462,30.674963976067,30.8088044652201,33.2822423000722,227
"228",34.8026279863526,38.6414399790659,36.181956434682,36.3401949388016,40.9426850193301,228
"229",33.3366568714953,34.9970508909915,34.6045821255271,33.6339457657346,36.3601560162483,229
"230",36.3935564049326,37.2286948941068,35.7843739735033,35.6056045250612,38.8517852631523,230
"231",33.6492370936168,38.1488690940462,34.9561985512143,36.5529169592893,39.744821228803,231
"232",31.2087113981611,38.7417538036827,34.5237723657046,37.1883103874471,40.2951972199183,232
"233",27.4487048632867,36.6844461256383,36.4398453066643,34.5128382756137,38.8560539756629,233
"234",13.4752947567413,33.7528946287555,24.8865115182951,32.6741270958806,34.8316621616305,234
"235",18.3152402420031,35.3894058772466,32.8467815042752,33.9128499143812,36.8659618401119,235
"236",32.2015779421576,39.096895913413,37.1826804716327,37.5967340924297,40.5970577343963,236
"237",24.4080566961858,37.1162259403275,34.685520960552,35.6061001172525,38.6263517634025,237
"238",31.9222304236969,31.9477554828099,22.5192543519287,30.4743586020177,33.4211523636021,238
"239",27.2319231083277,39.7140981230901,38.6188385180816,37.926352268367,41.5018439778132,239
"240",22.1781778564566,38.7109120193254,35.8154416416751,36.9480396997037,40.4737843389472,240
"241",29.2958711520988,36.5138017522956,34.7626016605259,34.9939387208656,38.0336647837257,241
"242",37.2608738014841,39.1067621831161,37.1975406587107,37.6065060086778,40.6070183575544,242
"243",27.7760575250126,37.4873397701843,35.8097459239463,35.7400418399015,39.2346377004671,243
"244",26.3397103386253,37.3086816002372,36.1801459621649,35.7865450990608,38.8308181014136,244
"245",32.1040885682136,35.0486568538633,33.6942006339994,33.0997637350243,36.9975499727023,245
"246",30.2807547162668,37.0414598974278,35.9169514888555,35.2137109273403,38.8692088675154,246
"247",24.9546179365084,36.1132652636981,33.6215110434485,34.6241333744017,37.6023971529945,247
"248",25.3554569845126,36.3901987348577,33.9260259602588,35.1134562231552,37.6669412465602,248
"249",28.7997566138024,37.0563094393398,36.7186801744543,35.0490171442173,39.0636017344624,249
"250",30.3758280839543,33.326393602975,31.5242506144559,31.9417549428916,34.7110322630583,250
"251",36.6261622997294,38.0193362193974,36.0236176266547,36.2852947630105,39.7533776757843,251
"252",20.1374631759921,36.2661513322169,36.2494813391859,34.7649235095876,37.7673791548462,252
"253",37.3908027470607,38.7853937472258,36.5094095189408,37.4635184752178,40.1072690192338,253
"254",32.1451575751946,33.1959606897859,32.0116227999808,31.3693342393093,35.0225871402626,254
"255",25.0863496035561,37.9894119993897,35.8583737290411,36.4669783594273,39.5118456393522,255
"256",31.7007489185094,37.1186535194473,35.5153007205313,35.0316448296086,39.205662209286,256
"257",40.4047454785002,37.5140564341217,36.5319162324432,35.8673062858378,39.1608065824056,257
"258",24.2164101209179,36.1212023951108,32.0978186366391,34.7151134373075,37.527291352914,258
"259",32.3001359981737,34.240146337673,32.8698941346557,32.7511369720891,35.7291557032568,259
"260",29.1958541324739,33.6113346964982,33.0815412056745,32.5198444508328,34.7028249421636,260
"261",22.6838853085835,39.672535910067,34.2439171018285,37.949802897274,41.39526892286,261
"262",24.4098756104675,37.2198766425906,30.1477174885118,35.7398949683861,38.699858316795,262
"263",34.8138455664749,38.4907024376036,36.6401225944868,36.7884369444342,40.1929679307729,263
"264",28.9354577760115,33.8844205317655,28.9270458949714,32.7392947791791,35.029546284352,264
"265",30.5263183183536,32.8070435950391,30.8402468384079,31.4607510757536,34.1533361143246,265
"266",30.9865924709157,37.984458340503,36.5544399144839,35.9783467908995,39.9905698901065,266
"267",44.2357132783525,38.3244822022796,36.3090159159508,36.9335945913003,39.7153698132588,267
"268",27.3201391520822,39.230161123119,35.6219814828282,37.5323864831226,40.9279357631155,268
"269",34.6370669655727,36.7580664256217,33.8416920256481,35.4031418645969,38.1129909866466,269
"270",39.3548590311162,38.2202454192904,36.2400532467978,36.3411685581737,40.0993222804071,270
"271",22.5639049696332,35.7853773276864,33.6298247383819,34.1163833304323,37.4543713249406,271
"272",27.7165516238605,35.3685608213659,31.5628318830161,34.063470792307,36.6736508504248,272
"273",29.1455114192927,37.6661758298301,34.1933669679162,36.192642077566,39.1397095820942,273
"274",28.6353349948266,35.693901898446,33.4169441669483,34.0106663744059,37.3771374224861,274
"275",21.0899681299964,37.9104074306054,34.954115434343,36.4146155108408,39.4061993503699,275
"276",20.9595400112322,37.0193115925856,31.8168727115128,35.8436989644579,38.1949242207133,276
"277",17.0510569730403,32.4338085629332,30.0021527789493,30.9686384355672,33.8989786902992,277
"278",22.4797530358429,39.5839999559095,34.1587118894403,38.2932044666492,40.8747954451698,278
"279",32.9472572980018,38.287354560236,31.835310346133,36.5239203485777,40.0507887718944,279
"280",32.7346363352089,37.4467942486169,35.3588372959801,35.4438646036382,39.4497238935955,280
"281",34.7296020680348,39.2003323288275,34.0635375583141,37.9443397758976,40.4563248817575,281
"282",21.4876463359701,35.6297616600698,33.3158045245174,34.3020400859091,36.9574832342305,282
"283",31.6122977957108,38.1157708823831,35.6566913211375,36.6459135258491,39.5856282389171,283
"284",23.4472487610896,37.4348527103094,33.5333439079881,36.0561480097509,38.813557410868,284
"285",30.8111786812588,34.4037111821407,33.3516618130047,32.7712498852119,36.0361724790695,285
"286",32.0706938163689,38.0314901188537,36.4848937882051,36.4454266785198,39.6175535591875,286
"287",25.1072193113821,35.1705498606136,36.3816667507777,33.7743974128967,36.5667023083306,287
"288",36.1594252201141,40.7418499205918,37.6437579773173,39.2316988393585,42.2520010018251,288
"289",30.9178529344521,37.6929845916562,36.7924861203397,35.9449416645011,39.4410275188113,289
"290",32.7979391940344,36.277280589212,35.3835837699954,34.9994105284683,37.5551506499557,290
"291",29.8546966587835,37.8750054017313,37.222217600404,36.1623392288134,39.5876715746492,291
"292",21.9697302797427,34.9679143175173,25.5840546845752,33.7155895772243,36.2202390578103,292
"293",34.2299454971483,37.0656791291569,34.2999770636119,35.6174094721701,38.5139487861437,293
"294",31.333431881834,36.7060301160005,33.6585259782062,35.024611834623,38.387448397378,294
"295",11.7168617368161,27.3090661776632,20.4610054651977,26.51144435646,28.1066879988665,295
"296",31.678851672968,38.0211714047971,37.2279116895633,36.3225218144738,39.7198209951203,296
"297",29.456426618048,38.6737933718909,35.8685365718766,36.2475575200396,41.1000292237422,297
"298",32.8703381794663,36.1398379639503,35.0087371405033,34.8891151468286,37.390560781072,298
"299",27.2693743748502,36.3097045085802,36.382462557118,34.7633605965247,37.8560484206357,299
"300",19.4976109618899,37.0984713761262,33.0865346142539,35.8404525294859,38.3564902227665,300
"301",23.0805040195922,38.8582458871804,34.7166937490825,37.4257287713739,40.2907630029869,301
"302",25.3797762224768,33.8957595067678,31.0343239011093,32.5051655732436,35.2863534402921,302
"303",26.4998572111599,34.5150465580695,32.6445588955227,32.6567704576487,36.3733226584903,303
"304",38.6788894406819,37.7858464475961,37.2312858174529,35.8940948526672,39.6775980425251,304
"305",29.3488426004357,36.9360305871457,34.4320063559377,35.5292719678318,38.3427892064596,305
"306",34.9439961053048,38.5805774727876,36.9525898805399,36.6895007374296,40.4716542081456,306
"307",30.5412292837895,39.6641728256514,35.9521942747463,38.0657158736643,41.2626297776386,307
"308",28.0748255029857,37.2352449319047,34.6621388269066,35.8756223912026,38.5948674726069,308
"309",19.1762535603693,37.3735237513919,33.8557927989008,35.8948245844044,38.8522229183793,309
"310",22.567539598457,39.6714744310291,33.1640897976167,38.1329889079871,41.2099599540711,310
"311",26.3779942590961,36.7310033454842,31.6202109978262,35.4280194090217,38.0339872819468,311
"312",28.0530618649304,35.2176956622348,34.1001210471735,33.7574606349512,36.6779306895185,312
"313",20.0651616591847,39.9910670882729,36.4898913582823,38.7448942980804,41.2372398784653,313
"314",18.2877670276103,37.5650649592788,35.4595262895528,36.0212308557686,39.1088990627891,314
"315",33.8632307501906,39.2347413920548,36.774983298721,37.3341075599767,41.1353752241329,315
"316",14.6272403253659,34.5386568782831,26.5315554012899,33.2925527510534,35.7847610055127,316
"317",31.7944315199546,31.8703272523386,32.4804372881666,30.6793876259038,33.0612668787734,317
"318",23.3679212685747,34.5451594628831,33.4808777534667,32.965969679846,36.1243492459202,318
"319",27.1315797247348,38.3033575024918,36.1083352390378,36.6593468715005,39.9473681334831,319
"320",29.6562276574922,35.9392730657718,34.8669220386184,34.5681496221092,37.3103965094344,320
"321",27.544760264422,33.2064547209503,32.8562269643721,31.4606599477317,34.9522494941689,321
"322",35.7199205958635,35.8180384019342,34.5723351967819,33.6201042142421,38.0159725896263,322
"323",19.8611229820697,37.9912641497589,35.8416743364619,36.6866135606464,39.2959147388715,323
"324",19.1650003925742,37.606435893075,34.0621070783583,36.2474488110578,38.9654229750923,324
"325",28.9011292057058,37.1233038373976,35.7558016495105,35.3220429286883,38.9245647461069,325
"326",24.6892388045299,37.3828819939232,35.0197042669816,35.9933741979456,38.7723897899008,326
"327",28.9448819641643,35.4894280615921,32.6949705221005,33.1815523844263,37.7973037387579,327
"328",35.2945292762597,38.2364935569883,32.4216457885136,36.510101346288,39.9628857676887,328
"329",35.1691461963637,38.0963183906577,36.738082662758,36.3252236504459,39.8674131308696,329
"330",30.1269965858189,38.5867531319842,33.7895171460363,36.9506244261465,40.2228818378219,330
"331",21.8769539830513,37.9312814340591,35.3906875465532,36.4980567875445,39.3645060805737,331
"332",24.3638213766419,38.1953244239388,32.7362981250804,36.7609380250235,39.629710822854,332
"333",30.4715700113633,35.8832703008783,35.3487302098843,33.9977606416826,37.768779960074,333
"334",34.3756354051703,40.2571566486526,35.2370117744174,38.8353052621353,41.6790080351699,334
"335",19.7725135691893,32.1168724232596,27.3794859426925,31.0119702544521,33.2217745920672,335
"336",33.5528510953282,39.4170186189657,37.6741944331223,37.3954452478756,41.4385919900559,336
"337",37.4263447793972,34.0503989444633,32.1164469383928,32.5534575611386,35.5473403277881,337
"338",30.2653319086924,37.7390462439166,32.1897873841314,36.2052566513222,39.2728358365109,338
"339",27.2867460728373,33.760256212304,34.1629943036358,32.1819522760739,35.3385601485341,339
"340",32.7571182429566,36.7390081807537,35.2918941517662,34.8734985559503,38.6045178055571,340
"341",29.0444514621777,36.6219516634839,35.8594241895082,35.2181507330205,38.0257525939473,341
"342",30.2168833946074,36.7806800169858,33.5614421882404,35.2993145919527,38.2620454420189,342
"343",21.8933887292081,34.6802056854244,30.524778048899,33.0571668372679,36.3032445335808,343
"344",31.4247479920921,36.7193322244819,35.6441262096174,35.0244014594158,38.414262989548,344
"345",24.2611074352135,32.697568364299,32.4704472930269,31.6088620478116,33.7862746807864,345
"346",31.8645235651237,36.2690446805281,34.0936165600233,35.014085589839,37.5240037712172,346
"347",31.6885996165549,36.857123269981,35.2279142290448,34.9846331780626,38.7296133618993,347
"348",28.9499939977416,41.9943249368918,36.4041680810544,40.2559774785693,43.7326723952144,348
"349",33.2393211479354,36.6688101572959,35.2456740394336,34.998493503422,38.3391268111698,349
"350",23.4515119578957,35.8605872480281,33.5028640574174,34.3020659804007,37.4191085156555,350
"351",20.308759185028,32.7568627296471,30.4058900138091,31.8179201401465,33.6958053191478,351
"352",32.3966849392223,37.9282663033512,36.0076530459672,36.2662413095198,39.5902912971825,352
"353",19.1174690188863,33.5491882292261,32.7927097542154,32.1703637374707,34.9280127209815,353
"354",29.3566112457375,35.2272414619411,32.6793641266447,33.8543185709643,36.600164352918,354
"355",36.9572073511333,36.413128648602,29.0214943756908,35.3560050614288,37.4702522357752,355
"356",26.0772319876962,32.5202217567799,32.5619014237926,30.8864448293187,34.1539986842411,356
"357",17.8412741657847,39.308479986492,31.4435620375798,37.812791739335,40.804168233649,357
"358",30.7135710171189,36.3221303009417,35.6451199874172,34.6337529961785,38.010507605705,358
"359",36.7337257150522,37.1592191010415,35.6992812368849,35.1542566493592,39.1641815527239,359
"360",26.3987556377668,37.3715964925495,31.5465817517231,34.3154752732972,40.4277177118018,360
"361",23.0811156788143,27.9828403162358,21.7018926812622,27.2981998417486,28.6674807907231,361
"362",28.3260346240239,36.9202071348355,33.990992822607,35.3838903760716,38.4565238935993,362
"363",25.7022381134461,37.6258822961783,35.6286937052819,35.8172764821759,39.4344881101807,363
"364",32.4924816092898,37.7955738093521,36.4024471427072,36.114398265641,39.4767493530631,364
"365",24.4141026806668,38.7184307366774,37.1080834051243,36.6454675065175,40.7913939668373,365
"366",36.9171263652973,38.6044198528434,32.0811682210641,36.627169971274,40.5816697344128,366
"367",33.3072266561221,33.8974753251684,32.0801935390457,32.1846726273015,35.6102780230353,367
"368",24.8087327171965,34.9852593117155,32.6119087827284,33.6884783863521,36.2820402370789,368
"369",34.1531853784913,38.2381121046627,36.8017883750348,36.5582207202208,39.9180034891046,369
"370",22.7209733073222,31.1239823781624,29.0754630550104,29.9775774968836,32.2703872594412,370
"371",27.7466557582246,35.3233420079495,33.2793475836711,33.9618595991845,36.6848244167145,371
"372",30.1396768479159,37.8506055783707,35.1377789021139,36.1265656246099,39.5746455321316,372
"373",27.436349912052,40.2071509452793,34.0349702580814,38.8163735320699,41.5979283584887,373
"374",37.2022650253481,39.2824244439089,34.9428810102762,38.08628015153,40.4785687362878,374
"375",25.9465237930823,40.4365006597898,37.8277233773513,38.7603298104385,42.1126715091411,375
"376",33.6582311741081,35.5793697888382,31.9142824151889,33.9758998276935,37.182839749983,376
"377",30.3334058846387,34.2666428597991,33.8638050079765,32.3221675402906,36.2111181793077,377
"378",26.0856603236187,36.5383058971566,33.1029308412301,35.0253099692716,38.0513018250416,378
"379",24.2809412195792,36.8708237376143,34.52088493257,35.3968131659724,38.3448343092563,379
"380",34.0597680129227,37.4636838386691,34.6625802022872,36.2049708259598,38.7223968513785,380
"381",28.461287160769,38.5891641135363,36.7569799219343,36.6143187769357,40.564009450137,381
"382",37.5660277797093,37.9817941823372,34.8179104697404,36.6675495441436,39.2960388205309,382
"383",28.5068037185705,38.2805257286339,35.5800964540805,36.3148990268098,40.246152430458,383
"384",31.1727848355454,32.7902374773858,31.0355967052592,31.3667164044886,34.2137585502831,384
"385",28.0777020602575,38.9737650125488,31.7222306264068,37.3656491325206,40.5818808925771,385
"386",29.2275182533825,35.0001825244867,33.7719808482717,33.2352807155933,36.7650843333801,386
"387",15.1444357888254,32.4096377117552,30.6396149390596,31.2987310526866,33.5205443708238,387
"388",33.7955822339408,36.0878351998395,33.8228339472863,34.5340329837766,37.6416374159023,388
"389",26.4957668097505,37.5326006506671,35.8295961637904,35.8199000320166,39.2453012693177,389
"390",28.5721851018676,36.8952910508855,35.4703136981153,34.9677510299724,38.8228310717986,390
"391",29.8603824737149,35.1338569012982,32.5533938645847,33.600469834276,36.6672439683205,391
"392",29.1329440366339,37.0759684038237,35.6555140789191,35.6448321209495,38.5071046866978,392
"393",30.0718116664579,36.3689887379224,34.0971715658803,34.8590627686729,37.878914707172,393
"394",23.4112645099898,35.2795905707164,34.6568275900156,33.74770258304,36.8114785583928,394
"395",27.7981365924028,31.9997806228792,28.8131321643693,30.9350569412501,33.0645043045084,395
"396",31.8384857622081,36.4561678252959,34.8984144463011,34.8288171684997,38.0835184820921,396
"397",21.3307069691056,35.6244941090233,32.2644899611039,34.4040689938825,36.844919224164,397
"398",37.2801692902567,38.7537459311508,37.5759069384757,37.3330638168688,40.1744280454327,398
"399",21.5011910688498,36.3015435966748,31.0914912508651,34.2318640140921,38.3712231792574,399
"400",41.3262768311292,36.9220015309569,34.358645317073,35.5422897055918,38.3017133563221,400
"401",29.2296501425374,37.2141098248651,36.0236676282745,35.251644566506,39.1765750832242,401
"402",33.6637563960716,37.4737736820698,35.3072549437811,35.8740612253757,39.073486138764,402
"403",30.068359257142,35.7495286906938,35.9386464145714,34.2235258335567,37.2755315478309,403
"404",42.6045370595011,39.0748171101871,37.4737685495168,37.4147548694984,40.7348793508757,404
"405",14.7837128123394,32.3706823920274,26.2663318638426,31.2794988740822,33.4618659099726,405
"406",27.6849952375606,35.7955559658195,34.9315109147483,34.244028429339,37.3470835023,406
"407",25.4673038196038,40.2150543821139,36.6950772096574,38.3921766674527,42.0379320967752,407
"408",35.3507883427692,37.4814232298957,35.8402224100444,36.2908212323528,38.6720252274385,408
"409",36.2567715570021,35.3291669962772,33.6285455497606,33.750145766236,36.9081882263184,409
"410",15.276032471397,37.69245944934,29.3251244497048,36.0669527512819,39.3179661473981,410
"411",37.2391599629951,36.5864091806659,35.5830990149237,35.0658702720567,38.1069480892751,411
"412",29.6294215192561,38.9550894779841,37.5092993683849,37.5335621682377,40.3766167877305,412
"413",26.1108802955485,34.6632470782843,33.2356841153209,33.4318839178844,35.8946102386841,413
"414",27.4926952398163,38.972178229601,37.5756316689143,37.6214729744813,40.3228834847207,414
"415",26.8636054094117,33.7865642900347,31.2947002927311,32.7115291010665,34.861599479003,415
"416",21.8165275064317,36.8480224268852,29.7075514483785,34.7551692388607,38.9408756149097,416
"417",20.2731430670872,40.0913486537908,31.7290392166343,37.9460398834277,42.236657424154,417
"418",28.6949199879685,35.0462081538698,33.3218535923661,33.373749911982,36.7186663957575,418
"419",32.4081089946888,29.9615390205285,25.347349062041,27.7039024390934,32.2191756019637,419
"420",21.8426971286454,34.0237623985978,33.9827263291618,32.9177392357365,35.1297855614591,420
"421",26.7002029241489,38.9660762603346,35.8581110489431,37.5473361640208,40.3848163566483,421
"422",21.1156042296534,38.6471594956427,33.7723695221162,37.3409769782685,39.953342013017,422
"423",18.1415405190147,36.3428740919612,32.97188062414,35.0429996742918,37.6427485096306,423
"424",32.3996387834718,39.2538743579515,35.5588306834453,37.7189479988719,40.7888007170311,424
"425",35.4955483537583,37.6404789271356,35.1263973570886,36.0669920305887,39.2139658236825,425
"426",42.8483980742763,37.0296693792515,33.3014675063437,35.7291736733145,38.3301650851884,426
"427",27.0106873084885,36.1409776204071,34.0324995685637,34.2850898127681,37.9968654280461,427
"428",34.4556695899533,36.9908236992463,35.1668401562449,35.5228966846787,38.4587507138138,428
"429",19.7284050665585,38.4292216357463,33.4484551346886,36.6639225130981,40.1945207583944,429
"430",29.9085247295516,37.8209305953438,35.4749079804866,36.2309695868266,39.4108916038609,430
"431",19.5612750405881,37.3117681326847,32.7201964706379,35.771899087812,38.8516371775575,431
"432",29.8077930115939,35.7845095626939,35.8690895632635,34.285338834363,37.2836802910249,432
"433",37.7858719724316,36.0865954113702,34.3803058780784,34.7809657251871,37.3922250975534,433
"434",23.787253529398,35.2154828274989,34.0191064870764,33.3674576996,37.0635079553977,434
"435",29.1629338764356,37.9690098356616,35.8120482391605,36.1302631947474,39.8077564765757,435
"436",32.269250465151,39.7423924721198,37.5801758833183,37.9633664784075,41.5214184658321,436
"437",19.790820746028,37.6708156962046,35.8548813895913,36.3965692172786,38.9450621751306,437
"438",22.5181778812381,34.6334032096045,32.7748393746026,33.1894156653272,36.0773907538819,438
"439",31.9747492128707,35.2638856128077,32.3257486644911,33.8841436082992,36.6436276173162,439
"440",26.9601468356274,36.1283596791569,33.6569673999649,34.9172551730655,37.3394641852484,440
"441",20.1061452982291,33.6822766844357,29.1076316152591,32.1643158324029,35.2002375364685,441
"442",28.563368432102,36.5846803310526,35.7346112985367,35.1759396468232,37.9934210152819,442
"443",38.2622117635597,37.3138451716177,35.6226309819229,35.2346540235626,39.3930363196727,443
"444",21.2066106019107,39.9339814790743,37.8507105717421,38.3638816516701,41.5040813064784,444
"445",17.7440891027726,40.4216927253041,33.2261044165458,39.0054594139328,41.8379260366753,445
"446",21.7716630710934,26.7705798737833,19.4809574060402,25.4777719948966,28.06338775267,446
"447",29.4253936041882,34.724111993798,32.0664675571262,33.4331589289579,36.0150650586382,447
"448",22.8208901144257,39.0178935271181,36.0624264109592,37.5960716200413,40.4397154341949,448
"449",27.8545390468871,37.4796918335563,34.910125547778,36.2202220378089,38.7391616293037,449
"450",40.7101925976298,37.4805597174476,35.4317388418896,36.0406195284231,38.9204999064721,450
"451",27.7270807739306,34.9316282308882,34.4329206599216,33.4755085569434,36.387747904833,451
"452",27.5045246657758,32.0258963061737,33.4266873018589,31.0187107064239,33.0330819059234,452
"453",28.0663764831157,39.0178930735815,34.420221061916,37.3036385965187,40.7321475506443,453
"454",20.6849934048114,39.4313512063974,37.7397096347551,37.9845266582018,40.878175754593,454
"455",30.7205436860876,37.5179425367052,34.5587190501753,36.3070894134757,38.7287956599346,455
"456",28.5517889128803,39.5847175422911,39.5055284720281,38.2846981759589,40.8847369086232,456
"457",25.8777827805377,33.5898989978168,33.3112062529981,32.1819447656148,34.9978532300187,457
"458",34.4693676047028,36.5085092520416,32.7108596009347,34.7190471046381,38.297971399445,458
"459",32.4989628703889,39.2659910739747,36.6806569485999,37.6555075694115,40.8764745785379,459
"460",22.2833356705436,31.8160052177384,33.4965298651869,30.333862832372,33.2981476031047,460
"461",33.7917109971979,38.9264669495864,37.0610516471023,37.5360381637461,40.3168957354266,461
"462",27.0793851249161,37.5344493541166,33.2407075561873,35.9933845277235,39.0755141805096,462
"463",29.7077969340255,36.2049250840287,33.4399032071592,34.9649201427775,37.4449300252798,463
"464",21.684627205937,39.2501177406994,30.1965766871591,37.7227377083603,40.7774977730384,464
"465",26.9098165113376,32.3321315703679,32.5073576197479,31.1149446766593,33.5493184640765,465
"466",25.0124124297049,36.2215207269386,33.6233016733331,34.9989655330724,37.4440759208047,466
"467",23.8050919307464,37.1923622242961,35.8906825161473,35.8135907121737,38.5711337364185,467
"468",28.9623051826847,34.6369106262157,33.6830136162256,32.9354260514782,36.3383952009533,468
"469",29.8169567761457,36.2435944181538,34.654275640446,34.7658680181012,37.7213208182064,469
"470",17.1651532253333,38.4865413466169,35.4175626462835,37.3099072830722,39.6631754101616,470
"471",31.8342338625972,40.9871148732,34.2568631962337,39.5183403734559,42.455889372944,471
"472",32.1347519203687,35.7844660783686,33.7279699647867,34.5575629940447,37.0113691626925,472
"473",31.223390708018,36.5476866795552,33.7778333659807,34.6952687590654,38.4001046000451,473
"474",34.4219534578226,36.6291638181656,32.0956151436459,35.2077062695196,38.0506213668116,474
"475",25.1977879881659,38.3264162136166,34.4727233321849,37.0004019620045,39.6524304652287,475
"476",30.5672912941438,34.7156967709599,33.9602732158719,33.3485468135774,36.0828467283424,476
"477",25.1361444588096,38.6030494777193,37.321940325043,36.7776367338501,40.4284622215885,477
"478",27.3510364050949,36.4520868176084,35.3830040744007,34.945641288927,37.9585323462898,478
"479",16.6631199176339,33.9991285260479,30.0128361552341,32.866234090232,35.1320229618639,479
"480",30.4559997178182,37.3934407006196,35.0307187665784,35.5617356072197,39.2251457940195,480
"481",32.6737975913998,39.4814460097339,36.5195421937529,37.6844625162648,41.278429503203,481
"482",28.531232576454,38.7214698775407,36.9814448956439,37.3149127780829,40.1280269769986,482
"483",33.6210674794161,36.5850326858159,33.7507540270386,35.2256139215273,37.9444514501045,483
"484",33.4009410625794,35.4954111044122,33.8092428343021,33.7618563398807,37.2289658689437,484
"485",25.1638214702862,38.3725083340285,33.7077901008625,37.141208989667,39.6038076783901,485
"486",31.6815983942492,41.7986939442289,38.1838150334911,40.2980224543167,43.299365434141,486
"487",34.0930074554835,37.0921260126859,36.7766050028726,35.4068041635477,38.7774478618241,487
"488",25.45461247562,35.6035581949871,34.8255789142551,33.9671636252868,37.2399527646874,488
"489",25.0811582794115,35.4588492483532,32.6228265076796,34.0338241975576,36.8838742991489,489
"490",29.2147574256005,39.8889379641115,38.2891145205928,38.0816250595431,41.6962508686799,490
"491",32.306594780642,38.2555602063357,37.2604410797641,36.4057170139556,40.1054033987157,491
"492",37.3638801336984,37.8500961066452,35.5956511767553,36.3431337130211,39.3570585002693,492
"493",27.8728767953651,37.3108742962105,33.898218043495,35.7777672616677,38.8439813307532,493
"494",20.635537706353,32.0929499135838,29.7657017971078,31.0104617591431,33.1754380680244,494
"495",25.4464345202583,37.2877998217146,36.7789758381571,35.7684246908828,38.8071749525464,495
"496",30.4463441034346,37.2430960943627,35.7854938086294,35.9833953416483,38.502796847077,496
"497",39.2288608074125,36.3598325234652,33.1706513358914,34.9617900564742,37.7578749904563,497
"498",25.9240898565128,34.8252660132036,31.7453461833187,33.4890680393069,36.1614639871003,498
"499",29.3357192353806,37.4917222283993,34.9599941685733,35.642976411229,39.3404680455697,499
"500",25.0613472102029,41.7982345851942,36.3501131903436,40.2409336167668,43.3555355536215,500
"501",26.297496761997,40.0136633360694,35.3962757949886,38.5107425323388,41.5165841398001,501
"502",29.6076777837248,36.3795385611552,34.0775135680415,34.8394827325012,37.9195943898091,502
"503",26.3242456544389,37.4279479781728,33.2835438543761,35.5324106001245,39.3234853562211,503
"504",33.4644743061473,37.6357591982849,34.1363257691821,36.3810206975828,38.890497698987,504
"505",31.5773174063266,36.3948931789421,35.0684309410068,34.8533122975436,37.9364740603406,505
"506",37.5478442839423,35.6084122591231,35.2981599445499,34.3793578233402,36.837466694906,506
"507",34.1824513309793,37.4127065547451,36.8569035962922,35.4500559031356,39.3753572063546,507
"508",22.9442678738664,32.9182866811803,31.0107805793286,31.3429119746333,34.4936613877274,508
"509",26.1469096226553,38.2150160896014,37.6162211928078,36.8802127444795,39.5498194347233,509
"510",34.6622507935756,37.1029628958015,35.96141303714,35.246546352933,38.95937943867,510
"511",39.840376526192,38.6855395911837,38.4007983761819,37.030565742221,40.3405134401464,511
"512",24.8121774692987,35.4157360956644,33.1256498917734,33.8991595178768,36.932312673452,512
"513",24.6270932619748,34.9186913754901,32.7269430342183,33.6217698974082,36.215612853572,513
"514",25.2089258217095,35.1205847211557,33.6480070541817,33.6926927786408,36.5484766636705,514
"515",47.7816276976393,37.5378832205403,30.2319562994489,36.1727026621466,38.903063778934,515
"516",24.0847567609788,33.8067720087867,32.4801748294564,32.4630575360772,35.1504864814963,516
"517",36.6281709848004,37.4917048808875,34.6526793748008,35.996718800996,38.986690960779,517
"518",33.5638801996472,37.134186257121,35.3549619990527,35.8803138386097,38.3880586756323,518
"519",38.2633464842645,35.1226201819948,33.3410440449991,33.302179558887,36.9430608051026,519
"520",28.3040355259796,32.0239240026066,31.4793174398703,30.5313389023328,33.5165091028805,520
"521",24.2490281411004,35.5004061358926,34.0852748277302,33.9997946814639,37.0010175903213,521
"522",33.0050140087725,37.7130911271059,36.5397679609924,35.57734433846,39.8488379157518,522
"523",31.1156034669452,41.7336925710272,36.5054935093486,40.0436825088283,43.4237026332261,523
"524",23.1114507194333,35.2687998969442,33.0732944115574,33.6326279872972,36.9049718065912,524
"525",20.4067537304245,38.5032783044878,37.133670696005,37.0665630566193,39.9399935523563,525
"526",28.0675753332832,32.6375503968768,31.7789911735561,31.5465838789843,33.7285169147693,526
"527",29.3515091872441,31.4638887126991,29.8692041276338,30.479466359293,32.4483110661051,527
"528",40.7098095460772,36.4778299893116,33.6237451031241,34.683060438751,38.2725995398723,528
"529",39.3141909657263,38.5282192434856,35.6981175364804,36.6748943320307,40.3815441549405,529
"530",34.7184929000799,38.2555964177074,35.5574026995452,36.5100420160195,40.0011508193954,530
"531",19.549249680338,34.7879672613806,31.783629512235,33.4909980589305,36.0849364638307,531
"532",27.3358990463211,37.0340346230187,33.3007951917424,35.2318292230357,38.8362400230018,532
"533",28.0720913728352,38.8738206159209,38.0307424904198,37.1841568887433,40.5634843430984,533
"534",27.1156760377925,33.149300858654,32.4897709939502,31.9422153449123,34.3563863723957,534
"535",20.1897560073174,37.864349011034,24.1049804415408,36.6584995821483,39.0701984399198,535
"536",28.0059586444372,36.8727754822027,33.9187497293324,35.0829191774073,38.6626317869982,536
"537",16.0665070723337,28.346989942646,19.5861925169007,27.6842888589999,29.0096910262922,537
"538",21.5756050353169,33.8370122498451,32.4239512545132,32.6706825834171,35.003341916273,538
"539",30.4518259504497,36.551788406837,34.3622863581546,35.1913369739528,37.9122398397212,539
"540",33.8401965664562,40.4739556773087,38.0196264231869,38.9669676559599,41.9809436986574,540
"541",27.4575237605059,33.8347817162035,31.9788049409933,32.5038667548931,35.1656966775139,541
"542",34.669556019435,36.8547010953695,34.1374886246641,35.2400869599807,38.4693152307583,542
"543",31.8144846651438,36.117784362905,35.6820814776529,34.4566165007219,37.7789522250882,543
"544",19.0913521690501,36.7010728654902,34.6588753083687,35.4307877522388,37.9713579787417,544
"545",24.8135279511388,40.1632570550524,33.3370875694089,38.6539987114569,41.6725153986478,545
"546",26.8415661172464,34.9052780846606,33.6973855668816,33.0989950407449,36.7115611285763,546
"547",20.9343048012352,33.8292596598767,32.8838940683637,32.5700785350308,35.0884407847227,547
"548",35.0114172444806,37.2976331916883,35.5028007739498,35.4210244451151,39.1742419382616,548
"549",29.7051772208443,35.0166374995521,33.5579323268618,33.4365964679505,36.5966785311536,549
"550",13.1363941362021,35.9431051885987,33.0159628472253,34.3994016168735,37.4868087603238,550
"551",26.7974147181804,37.4023558560366,36.3021322120877,35.1956089682605,39.6091027438128,551
"552",33.2313995712756,37.801300537861,36.4909935476593,35.808399926239,39.7942011494831,552
"553",26.3455569380467,35.2545578750067,33.6985703249766,33.7620188313217,36.7470969186917,553
"554",27.7209918522784,38.0880228498033,32.3811266746743,36.6057083688815,39.5703373307251,554
"555",29.0796300656056,39.4434252040889,37.7311423209634,37.5580909997835,41.3287594083944,555
"556",45.6829658346967,37.6223532820703,33.1390115649225,36.4098267915128,38.8348797726279,556
"557",28.7089753744549,35.472659174401,34.1503691632044,34.194184439753,36.751133909049,557
"558",25.7155690693266,38.1680666503067,34.2198567571091,36.5646370361186,39.7714962644947,558
"559",32.6390802879322,37.7026281605922,33.6423790592875,36.207225748742,39.1980305724424,559
"560",36.3833118965538,38.8993669609695,36.8302163432699,37.3560536105882,40.4426803113508,560
"561",31.1064028783542,36.69650513244,32.7601379761975,35.4654964168396,37.9275138480404,561
"562",31.3939235544396,37.6577052397192,36.7120130856717,36.0451499661648,39.2702605132735,562
"563",30.9358657554457,37.0831391922739,34.0102182217501,35.563708323254,38.6025700612938,563
"564",29.3854841222423,33.8339118838793,33.8599552679966,32.4415364585034,35.2262873092552,564
"565",38.1586389634171,37.151303052686,34.8786466227368,35.6383132983473,38.6642928070246,565
"566",22.2048537717947,37.22092509107,31.206001680568,35.706444871288,38.735405310852,566
"567",35.1837623925409,37.6595744950895,35.8793165212421,36.0267012054706,39.2924477847083,567
"568",28.1536452244602,36.7848358726582,31.9080381756561,35.4265009390884,38.1431708062281,568
"569",23.209356809386,31.9828485466968,31.6165908018689,30.8347355843691,33.1309615090245,569
"570",33.0308365985916,36.8551254801499,34.7766485856631,35.2623961440088,38.4478548162909,570
"571",35.4775577640081,38.6562989345616,35.6557825600905,36.6302054786666,40.6823923904566,571
"572",28.9866553957951,33.7510459409096,25.3412752915083,32.848939145779,34.6531527360402,572
"573",26.2737746428341,34.2600342155547,33.6510864016692,32.6571373424093,35.8629310887001,573
"574",29.5756609411723,37.4129964954653,33.1657438195688,35.9060063240824,38.9199866668482,574
"575",24.6794267297316,35.5785772518515,33.4132023738628,34.3040777798666,36.8530767238365,575
"576",28.3707487521595,36.4787831792193,33.1747426890835,34.8927825934996,38.064783764939,576
"577",34.3625643232715,36.2962083362614,34.003687373486,34.9600190981354,37.6323975743873,577
"578",27.353015019012,34.6655875820004,32.4386439412358,32.7250303968216,36.6061447671791,578
"579",21.4011254958387,36.1324486339118,35.1575795336028,34.902106592003,37.3627906758206,579
"580",20.0665795763783,36.7576791894864,33.4059686909094,35.3180928360875,38.1972655428853,580
"581",25.6803656435148,37.6612405041382,36.5551184210721,36.1494727782768,39.1730082299996,581
"582",19.7887110884905,33.186877637446,30.8848747707848,31.8709569563062,34.5027983185858,582
"583",27.190295722842,32.121141091426,32.4163126982967,30.7584502968077,33.4838318860443,583
"584",29.3802001403731,38.0801516853494,36.2601962507103,36.0780633695612,40.0822400011377,584
"585",41.6561148320709,36.5892986573755,33.2009611875123,34.998268149722,38.1803291650289,585
"586",39.9608363862415,37.1560667214468,35.7677508784864,35.7942712287997,38.5178622140939,586
"587",26.4626212273398,38.8640366352103,36.2200466841617,37.3650646278818,40.3630086425387,587
"588",38.6336653753586,37.3618073993412,35.1521395375986,35.6981785584078,39.0254362402745,588
"589",23.7765293769516,34.4542575839627,31.3404432764836,33.348895616162,35.5596195517634,589
"590",25.9234576472293,36.9396064516222,35.3698939922019,35.1096598049911,38.7695530982534,590
"591",25.1083583638122,36.7379122321989,34.1459026986615,35.1899250093642,38.2858994550336,591
"592",41.0463447693776,40.1244756372794,37.9387008054456,38.5665893454862,41.6823619290726,592
"593",19.3380116717354,30.7420323713869,30.659776818565,29.6434633393248,31.8406014034491,593
"594",20.7367812968846,33.4152770714639,32.0166983042636,31.9279295159442,34.9026246269835,594
"595",28.377527279187,36.3054329942663,27.7919255801227,34.6011127100538,38.0097532784789,595
"596",29.9752598305294,37.1623309443298,33.0718221469234,35.5373824897576,38.7872793989021,596
"597",37.1055024087385,37.4727129393411,32.571047697815,36.1183767274122,38.82704915127,597
"598",22.4215455523809,36.9765492721602,30.7378557131571,35.5420276728973,38.4110708714232,598
"599",32.3494886081857,37.8494994511649,28.4135863037113,36.4052343070709,39.293764595259,599
"600",33.9043910899841,37.0313517484819,33.737690121971,35.6569393927539,38.40576410421,600
"601",23.4181472775607,37.6833775169492,25.3402581651884,35.9180912785873,39.4486637553111,601
"602",38.4320068598502,36.8337264733152,35.038661820026,35.4001654347007,38.2672875119298,602
"603",34.0418334076197,38.2260680292928,36.0958454116987,36.4556107765974,39.9965252819882,603
"604",27.9128308332041,35.7535422045153,31.0793239973166,34.6875617312064,36.8195226778243,604
"605",28.9086723962722,37.8435747571275,36.2131862564685,35.9461076848019,39.7410418294532,605
"606",31.3429626494383,35.3961632051961,35.4745690935707,33.7147106806204,37.0776157297717,606
"607",38.0877291150708,36.8154943363029,35.3413279244285,35.4492436736481,38.1817449989578,607
"608",13.3948602622408,38.5653097307165,10.0371845892689,37.4633169316506,39.6673025297824,608
"609",22.7527564173281,34.926802509556,32.6604680427175,33.5523396695046,36.3012653496074,609
"610",19.0852004358436,33.1363731200884,28.8955045956333,32.0744173186844,34.1983289214925,610
"611",24.1082294287141,35.294837497777,35.0378471661682,33.0697477334433,37.5199272621107,611
"612",28.2837309980497,36.4638476044502,31.8424491033792,35.0490455355447,37.8786496733558,612
"613",22.8723008215257,34.5111448458206,33.1519348527563,33.1332632562013,35.8890264354398,613
"614",21.0952107056689,36.2422711606163,35.5618187427241,34.29405975098,38.1904825702526,614
"615",35.7475326881432,37.4363274152236,35.8616433482677,35.2606935835359,39.6119612469114,615
"616",33.4809345240904,36.530860874957,34.5398671747747,34.6316881429945,38.4300336069195,616
"617",24.0249691095549,36.086165447176,35.7900173903469,34.9181380063829,37.2541928879691,617
"618",31.9745762119463,37.9540839078002,36.8123860146073,35.9922396023325,39.915928213268,618
"619",22.4771711733931,39.5728015936366,31.9403329131276,37.8679128118527,41.2776903754206,619
"620",19.0659252342752,30.0802556426601,29.159881526919,28.4657068525404,31.6948044327799,620
"621",27.8988466726697,35.5448024122772,32.4157369415165,34.0778425937653,37.0117622307891,621
"622",29.0802594109284,39.7664142930334,38.8435948058971,38.1956225662434,41.3372060198234,622
"623",25.6611404258959,36.6199980800297,35.6384528925256,34.8948776514447,38.3451185086146,623
"624",32.1053213641898,37.2113359554909,34.7960328180831,35.6626091029508,38.7600628080309,624
"625",38.7314170062446,39.7430643455703,38.3445042241888,37.9534063586423,41.5327223324983,625
"626",38.874878875652,37.4781635124357,36.0201089979781,36.0662968112306,38.8900302136408,626
"627",26.8316407796799,35.3571814568604,32.7889726155962,34.0552555416434,36.6591073720774,627
"628",27.2323518272882,37.8949644697444,31.8568671631866,35.9899141352873,39.8000148042016,628
"629",29.7842694495034,34.2963784124065,27.2744247848811,33.3042003395997,35.2885564852132,629
"630",35.1822235515461,38.0091350765691,34.6434225535099,36.3796317141153,39.638638439023,630
"631",24.0204600028319,36.636738869832,34.5250545462445,35.2413377291364,38.0321400105276,631
"632",25.1684104058253,36.7501411953111,35.0291023804387,35.164979988032,38.3353024025902,632
"633",23.8003529744357,36.8621242445899,34.3863577446626,35.326760245361,38.3974882438187,633
"634",33.6471504342641,34.6181913319841,32.9585552546494,32.8568232375309,36.3795594264372,634
"635",30.5720874890452,40.3589093443962,36.0102829156658,38.7225529620459,41.9952657267465,635
"636",36.3080578929669,39.0515416757943,36.8109853244085,37.4319284580248,40.6711548935638,636
"637",27.6848264692492,37.6576233011232,35.2370945519881,36.0899717833103,39.2252748189362,637
"638",29.8207140481251,35.3213448054131,34.2955307243663,33.6694947173351,36.9731948934912,638
"639",33.3909482058784,37.0468692992423,34.5711744332654,35.7334627467638,38.3602758517208,639
"640",27.9181916666539,35.6953466429625,32.1005049682046,34.5002649477623,36.8904283381627,640
"641",25.5224374104983,36.5503849395599,35.0557622557785,35.2481466220644,37.8526232570554,641
"642",32.149775511574,36.9625577255549,34.6903324564481,35.0940244838181,38.8310909672916,642
"643",34.3446335680418,40.7283616834532,31.347752411069,38.5700126634556,42.8867107034508,643
"644",23.6535450210095,37.0207189007022,34.8878606978104,35.4697813997213,38.5716564016831,644
"645",29.6258506135472,35.8111814995741,35.8186070050512,34.5233880794724,37.0989749196758,645
"646",11.7785868587496,35.5924936966301,22.9351832141973,34.2282792892113,36.9567081040489,646
"647",26.9383573427116,36.1197204780948,33.927048323488,34.6304381748458,37.6090027813437,647
"648",26.6729765746742,34.8659923405879,32.0842668692888,33.6131306680948,36.118854013081,648
"649",31.7532767903595,37.7374123757478,36.3363401274238,36.3088450370362,39.1659797144593,649
"650",25.2577998963804,37.1580443570823,34.3382792653642,35.9112520997505,38.4048366144141,650
"651",33.3599964517323,34.4462766296145,30.819948236714,33.1524128003949,35.7401404588341,651
"652",30.9757863356208,34.719631208783,31.5539129346299,33.2264961478562,36.2127662697099,652
"653",38.3876417335144,40.1383599190894,39.0171072286649,38.7070684710532,41.5696513671255,653
"654",31.2915916316924,37.2385762760638,35.7878782009793,35.343745770799,39.1334067813285,654
"655",20.5607742013839,38.9090469828305,28.4508079052677,37.6573967587077,40.1606972069533,655
"656",14.7558473970216,33.6312394528789,26.2368897359611,32.3672138305779,34.89526507518,656
"657",34.3668946360547,37.4012938115606,36.3169048190959,35.7292931086035,39.0732945145177,657
"658",29.0917105407203,35.3773808358124,33.921872727026,33.9083974762278,36.8463641953969,658
"659",33.0748802775576,36.7995083257358,34.9759141876142,35.4773203002709,38.1216963512006,659
"660",27.3517501994928,35.1686159961657,35.1516110209458,34.0242442724319,36.3129877198996,660
"661",28.7714074269026,37.629699243963,33.9430298669204,36.3944132401202,38.8649852478057,661
"662",20.5492448811437,35.4607243289259,33.3069015167263,33.9183246426435,37.0031240152083,662
"663",18.5030038073083,37.8580605639634,35.7601491250509,36.2544371116875,39.4616840162394,663
"664",31.3760918152398,36.4936066759396,35.1894444533119,34.648759289999,38.3384540618801,664
"665",39.5138098469932,34.6708316691928,33.7732546829467,33.6215777606805,35.7200855777051,665
"666",29.9438251520517,38.4183256294837,37.3067421726906,36.6674718032608,40.1691794557066,666
"667",31.8155768777076,38.1808656610198,35.4765853760721,36.971370567244,39.3903607547956,667
"668",39.6007701513757,37.2238934614027,33.4328692651046,35.6275496918312,38.8202372309741,668
"669",18.0965526482603,40.179198511937,36.0270777116573,38.7419782572738,41.6164187666003,669
"670",21.1771693531799,34.9050663731732,31.7173630365022,33.6352537721828,36.1748789741635,670
"671",23.6906588305526,32.4631218606017,30.9141619647415,31.2659502204569,33.6602935007465,671
"672",33.0168247614037,34.4318806207381,32.9599833626279,32.7503422457978,36.1134189956784,672
"673",30.9479121105371,36.1506200347984,31.7069647265038,34.8359235051469,37.4653165644498,673
"674",32.7711237515192,37.1389686944542,34.3281863581414,35.6859520401088,38.5919853487997,674
"675",32.2861984331399,37.0586535770315,34.802189813578,35.1651850823422,38.9521220717209,675
"676",25.0826705275097,35.5592508666128,33.6848348689823,34.3695060123396,36.7489957208861,676
"677",43.343128066503,38.0432291492487,37.3141568020096,36.3791246627389,39.7073336357584,677
"678",24.4156106210858,37.5627860428831,32.1496635535172,35.6993983664479,39.4261737193183,678
"679",26.8379530418848,36.4333202665705,34.0327874248125,34.7867342863736,38.0799062467675,679
"680",24.9960327028429,33.7255753084897,32.7831875205969,32.1713448483783,35.2798057686011,680
"681",37.2897074544569,34.044967223034,32.1487459247971,32.2083525426131,35.8815819034549,681
"682",28.7696760931107,34.6004484414618,31.8634704949263,32.889889750788,36.3110071321355,682
"683",38.6096111651264,35.8072201356452,34.2152326604583,34.0469738243533,37.567466446937,683
"684",25.7993368635347,38.7932851329594,36.1673644976943,37.3712783395666,40.2152919263521,684
"685",22.1546027194318,34.9003659881001,31.8668986714834,33.2349874967809,36.5657444794194,685
"686",27.0146144072141,32.0565240663125,31.3054450948089,31.1599631427522,32.9530849898729,686
"687",20.59821475509,37.9277554967166,35.5938351071515,36.6042831202695,39.2512278731637,687
"688",24.3649267845457,34.87105194635,33.5113535913149,32.8835619423441,36.8585419503558,688
"689",34.219028636938,36.0810688569725,31.6643438883684,34.7069115271785,37.4552261867666,689
"690",35.5518122412922,38.6908478874465,33.9136202615994,36.9262933356844,40.4554024392086,690
"691",32.4697891310933,37.5113153583813,34.3664957120293,35.9588223778362,39.0638083389265,691
"692",30.3198977850909,36.8773994578406,35.0512989306539,35.4875873504303,38.2672115652509,692
"693",24.0556421921845,36.7980457344341,35.9933752676319,35.1966771591285,38.3994143097397,693
"694",31.6688586737404,34.8498341964799,34.004766112138,33.2298627022733,36.4698056906864,694
"695",7.67879020109019,30.6058592687228,12.5502082554572,29.80811798874,31.4036005487057,695
"696",26.4206412958894,35.6435340706868,33.7553429531023,34.4967411308155,36.7903270105582,696
"697",14.1676963537485,38.7382806170259,29.5894146983988,37.2088698291615,40.2676914048902,697
"698",29.7356730032597,37.6491627853393,35.2622868464215,35.5476740014262,39.7506515692524,698
"699",25.5688295374966,40.043904234045,36.248541374758,38.5228973869392,41.5649110811507,699
"700",37.3098126873076,39.3926323906878,32.1371659459029,37.5322321796462,41.2530326017294,700
"701",31.7283638827024,38.0201038696872,35.9564100933799,36.5678898446177,39.4723178947567,701
"702",26.1852324234595,33.8813825513936,32.9422611759717,32.6000104677984,35.1627546349887,702
"703",26.1126533566686,39.2478099959929,32.6331620723612,37.845995541017,40.6496244509687,703
"704",27.8460351705085,32.3987189633748,30.7142740254749,31.0383485121555,33.759089414594,704
"705",36.5317738797817,35.5552350245957,33.2617469617704,33.9201899518732,37.1902800973183,705
"706",41.8258761495791,37.6360948217767,35.5496456533778,35.8152460670546,39.4569435764989,706
"707",10.5803964705627,35.333105144041,31.7606426856535,34.2041865176886,36.4620237703934,707
"708",34.2930699166403,36.4600824319609,32.7321005546377,34.7281335300677,38.1920313338542,708
"709",24.5612714182779,36.5256930553022,33.6040276663735,34.9288542147078,38.1225318958967,709
"710",35.3088314788528,36.8025947210505,32.7576217260052,35.2987555862166,38.3064338558844,710
"711",35.2746050928424,38.2141832030246,36.9124657622844,36.7440544093351,39.6843119967141,711
"712",30.998751656939,40.1646323543313,37.8919073485843,38.377309188121,41.9519555205417,712
"713",30.1123032041435,39.3766227978062,25.6191441139574,38.0943584204508,40.6588871751616,713
"714",30.9798021331845,37.0556978711584,33.3772081484981,34.7308113291918,39.3805844131249,714
"715",22.0883878594725,38.93828626094,32.087332283124,37.2846441621856,40.5919283596943,715
"716",28.1710724844084,37.2726669808882,35.2991903575568,35.8810659617619,38.6642680000145,716
"717",39.4696639219168,39.1308055573258,33.6516220903201,37.8203859122712,40.4412252023804,717
"718",28.605653670866,37.0445467741873,34.0755205479255,35.6263414292439,38.4627521191308,718
"719",20.1981728995265,39.3517177667682,37.2726662053795,38.0653520959181,40.6380834376182,719
"720",29.1211283964428,36.7615030555827,33.588210238463,35.2911760321525,38.231830079013,720
"721",30.3402285391953,35.8175145799124,33.9758157638633,34.4035223028151,37.2315068570098,721
"722",23.1931837504586,38.1308350574245,36.1354891847602,36.4146765252622,39.8469935895867,722
"723",22.872627979364,35.3139833492835,32.9873853348467,33.9967610406327,36.6312056579344,723
"724",34.6736797742081,38.376595886097,28.9255624892101,37.0765750080288,39.6766167641652,724
"725",31.4367484118881,37.5929997621028,25.1468954953504,36.2885717173346,38.897427806871,725
"726",32.5164336913318,38.176300994522,33.1974155568405,36.8099351234836,39.5426668655604,726
"727",32.9984336568342,38.3404981095755,36.5725617821744,36.6545332874229,40.0264629317281,727
"728",38.4312885263288,36.090307264028,32.4712257097697,34.7774165579447,37.4031979701113,728
"729",17.3833814553295,40.5610003475067,35.0083671472315,38.9667848960573,42.1552157989561,729
"730",20.061170629401,39.0394186579997,37.2435916784752,37.6425887830178,40.4362485329816,730
"731",31.0367139485747,36.9613621202647,33.2815218575814,35.6222861475319,38.3004380929974,731
"732",35.4180652195806,36.5109405644871,35.4789714547027,34.719109207954,38.3027719210201,732
"733",32.3328233941129,41.4275223768892,37.986002469715,39.7926971461349,43.0623476076435,733
"734",23.1463753213904,37.6065816812081,36.5949911719981,36.0605446610596,39.1526187013565,734
"735",18.1781750126023,37.9630857208625,29.6376290923421,36.6026051624956,39.3235662792294,735
"736",26.274422666732,35.037359306905,32.64511639204,33.859380634096,36.2153379797141,736
"737",27.1396502576988,35.2139654935845,33.5714078139982,34.0398584691245,36.3880725180445,737
"738",21.2335356290716,38.2661201081847,31.3086106166551,36.6452921071472,39.8869481092222,738
"739",30.9875473921103,35.1584453724649,33.3493022475545,34.1262809909141,36.1906097540158,739
"740",32.9869142753596,36.6550780836114,35.2690234229961,35.1383680602558,38.1717881069671,740
"741",34.0215125943367,39.2465310192575,34.2250167130658,37.3863104083822,41.1067516301329,741
"742",27.5084465387982,34.8644567967613,29.2896353918425,33.6141921779141,36.1147214156085,742
"743",28.7008918704176,33.9275127309583,29.5762748785797,32.5695176506445,35.2855078112721,743
"744",27.2956478049722,34.0050663989596,34.8056441379189,32.6038852915706,35.4062475063486,744
"745",16.5577117514476,34.0781401052626,33.3765958429085,32.8997109445378,35.2565692659875,745
"746",35.0061816774753,38.3547567973197,38.3021733383711,37.0596287163688,39.6498848782706,746
"747",34.1158881544631,37.7345569054051,35.8460335874085,36.0719966826165,39.3971171281936,747
"748",43.6007481228041,36.8033398263581,35.4585482830519,35.4869728124043,38.119706840312,748
"749",20.7440580269247,38.6975312796083,36.850774960697,37.344158311707,40.0509042475095,749
"750",33.1088714817339,39.6366359335541,39.1569330095378,38.1626810033047,41.1105908638036,750
"751",34.5186606694592,38.2312037460927,37.2789451937763,36.7443358079382,39.7180716842472,751
"752",31.216606285434,36.2352289150712,35.1392252964847,35.0131996258846,37.4572582042577,752
"753",30.3069246945396,38.7964128379318,35.0730748756732,37.4575670324555,40.1352586434082,753
"754",28.4519283702102,34.5635486740699,32.6777028342181,33.1931673899606,35.9339299581793,754
"755",22.3211398243279,37.0659811947875,35.770484361682,35.79714236427,38.3348200253051,755
"756",28.8829414215586,34.13134638713,33.7881536635503,32.6508731616617,35.6118196125982,756
"757",37.0240153681298,38.8171749101222,36.4291392067571,37.0128537586987,40.6214960615456,757
"758",29.5373344021826,40.7128125132366,36.384325388072,39.088377874598,42.3372471518752,758
"759",39.8493924813447,36.1711205607561,34.9877719432728,34.2839644743119,38.0582766472002,759
"760",30.4472757557221,38.9328292513506,34.433377747594,36.9676574847581,40.8980010179431,760
"761",26.1755181841837,36.3960759796159,32.6209404012755,34.9537614673331,37.8383904918988,761
"762",30.3340598686515,36.8039074331611,35.9138547795061,34.5404832407005,39.0673316256216,762
"763",36.377837830009,36.8584763263156,34.0800239301279,34.8606058795919,38.8563467730392,763
"764",17.6448607443616,38.340085078064,27.0660025811188,36.786903331702,39.893266824426,764
"765",31.3628277211757,39.5087547252658,38.2802767066929,37.5784346960359,41.4390747544956,765
"766",25.590705356776,33.1413187490082,25.3191679879622,31.741262439283,34.5413750587335,766
"767",34.5724601959752,36.7747594213151,34.9179976923106,35.5295129063392,38.020005936291,767
"768",23.0724305268152,36.4662361290086,34.9550200780565,35.1787739117529,37.7536983462642,768
"769",29.3605332920571,34.9698617280498,32.5123075197098,33.5700146896789,36.3697087664207,769
"770",29.6580770281245,33.5575815495099,31.4271428188667,32.2186661620952,34.8964969369246,770
"771",28.7417795148842,38.2301340437677,37.848864854718,36.5716680033014,39.888600084234,771
"772",26.5060540929472,37.9378967133009,36.2665094257401,36.6734107709299,39.2023826556719,772
"773",23.560995779821,38.4392560624333,35.9916354226564,37.1241409828975,39.7543711419692,773
"774",19.7001587041523,37.2931988026168,34.550647931275,35.8221919466525,38.7642056585812,774
"775",29.1229918922855,34.5908551887716,34.0665152034076,32.9409560491808,36.2407543283625,775
"776",27.8523251946921,34.0277465278208,33.6376803954152,32.5258873135535,35.5296057420882,776
"777",13.3508905700203,35.2161149245543,25.2502424526675,33.9599176406826,36.4723122084259,777
"778",29.2946777151394,36.0000840992978,31.423482686124,34.6481274188858,37.3520407797098,778
"779",28.2535124912461,35.7299247333929,35.1970413529204,34.15196066155,37.3078888052359,779
"780",35.8496457089834,37.0277193428351,35.9847971007344,35.7195786572288,38.3358600284414,780
"781",33.2434221374172,37.4582562135977,35.2827499963852,35.8857475484046,39.0307648787907,781
"782",28.8480318083303,35.439715565028,32.9871936220767,33.9188594117878,36.9605717182682,782
"783",28.0843056166562,37.3973054282405,35.540857977953,35.3711220191849,39.4234888372961,783
"784",35.1431075494863,37.4340721787338,36.3599824181413,35.8357070455304,39.0324373119372,784
"785",41.7036122091322,38.281838894292,34.3361978416341,36.7759928501169,39.7876849384672,785
"786",22.4138579337996,36.2077523616075,30.8720077951424,34.448850506798,37.9666542164169,786
"787",33.0373092696563,33.7618249073082,30.0666155020836,32.4636877380319,35.0599620765845,787
"788",21.7238045653387,39.0641518485501,37.4233704574293,37.3550202052559,40.7732834918443,788
"789",31.1818691413632,34.5015503152413,33.4432242598156,32.7509298572112,36.2521707732713,789
"790",32.5102715694033,37.3138204220548,33.6276532761794,35.7196883787262,38.9079524653835,790
"791",25.2502950320979,35.2793094515739,32.8183669479977,34.1100754006115,36.4485435025362,791
"792",26.588397944126,34.9175144385943,31.7175592921457,33.5049235796929,36.3301052974956,792
"793",25.0207151501933,40.6984554274132,35.509582117327,39.1535293287322,42.2433815260941,793
"794",29.5052685670415,39.6426813357361,34.7551561515613,37.8356221616921,41.44974050978,794
"795",21.9774415607551,33.8411989433604,31.168332237225,32.459826520572,35.2225713661488,795
"796",23.5672147666798,30.9277237939454,29.463187892705,29.9099834118083,31.9454641760825,796
"797",44.6534151994877,37.5656294678466,35.8263317920422,35.7567660273395,39.3744929083537,797
"798",26.5793743053886,38.4950581857432,36.1930592398908,36.7581498011377,40.2319665703487,798
"799",29.2069718778403,39.1928536160096,36.0403153502909,37.6144620461768,40.7712451858423,799
"800",35.0968479742108,39.2473107766664,35.2744736157911,37.7995739478486,40.6950476054841,800
"801",26.2368220263308,35.571738368753,34.1417288498124,33.873176317598,37.2703004199079,801
"802",25.9490071386321,35.23798757409,33.9914930120799,33.6268853953907,36.8490897527893,802
"803",22.1521151824274,34.5528453489565,33.4549590220313,33.1478269288811,35.9578637690319,803
"804",23.0115908757452,32.8206486417116,31.3551890004977,31.3487700660728,34.2925272173504,804
"805",24.2095179974448,34.5477294944429,32.4289792504496,33.0676476447551,36.0278113441307,805
"806",30.1400437582897,33.6064721619027,32.8278880542944,31.8971868566192,35.3157574671862,806
"807",25.5002465360362,35.4306141163185,34.401188257584,33.7522529077813,37.1089753248557,807
"808",23.5358196882993,38.0598826783146,35.9995462414371,36.496373271748,39.6233920848811,808
"809",24.0311025871516,37.836541217057,30.9079472608812,36.4110561036724,39.2620263304416,809
"810",33.2752732999216,36.391191622503,35.4795541402495,34.5145460237071,38.2678372212988,810
"811",41.2185297997527,37.5594054959157,36.5344828175365,36.1454672972518,38.9733436945796,811
"812",20.293586223656,33.4709713055192,29.9071585154332,32.4384994556232,34.5034431554152,812
"813",36.8164704706902,36.6578069554525,34.8650226409222,35.0483102769563,38.2673036339487,813
"814",28.5597868185992,35.6823244995693,33.1496067175051,34.4253136647769,36.9393353343618,814
"815",32.8394241986551,34.7800417930206,33.7577092382637,33.3365606176862,36.223522968355,815
"816",35.6449781458785,37.9582269223423,37.361146521489,35.9703147711649,39.9461390735198,816
"817",15.0099301569298,34.049591097034,29.2604813521745,32.4021756633097,35.6970065307582,817
"818",31.5907800142103,36.5068819148396,35.4241409476788,34.871732099262,38.1420317304172,818
"819",28.151908698357,35.6334221352938,34.8139530631631,33.8590783837036,37.407765886884,819
"820",33.0209098997387,35.3422352395942,34.1472655754911,33.5723885955134,37.1120818836751,820
"821",23.1886468341166,33.0634108785562,32.8151148282517,31.5965202777867,34.5303014793257,821
"822",26.5343193542758,41.2006303857185,36.2463876872481,39.3013185253144,43.0999422461227,822
"823",24.9389738837182,37.9051314559308,35.492569637537,36.5211521187474,39.2891107931141,823
"824",32.8606873141655,35.4612125579337,33.279619098092,34.0096765898105,36.9127485260568,824
"825",25.6363875006485,36.6156776796816,34.9806709225929,35.1280757940221,38.1032795653411,825
"826",28.8237528477581,39.1599453066364,35.6540324140103,36.9651484142373,41.3547421990356,826
"827",33.6214166602992,35.7254215203297,34.3463243512521,34.2498449602668,37.2009980803926,827
"828",26.5696069398654,41.2017443383007,18.8163825653508,39.9373763381973,42.4661123384041,828
"829",35.5469648261352,37.8654283801497,36.5938604541638,36.0470227409918,39.6838340193075,829
"830",33.8579992362431,36.5680727841279,35.6320343798379,34.7424685125576,38.3936770556982,830
"831",27.1434947071641,38.2044740529259,35.6642763289569,36.4137466529193,39.9952014529324,831
"832",18.17573599029,35.1268551019285,34.1472986283855,33.9794921086586,36.2742180951985,832
"833",27.8815874429798,38.6571640748848,35.1201442339502,36.9828409491329,40.3314872006368,833
"834",25.2527378400182,38.5028927290688,35.8083991319083,36.7975459504474,40.2082395076902,834
"835",30.9266400300133,36.5000678602937,35.2857020615431,34.9062370786224,38.0938986419651,835
"836",35.5800620558043,38.8284756509698,33.5464738741621,37.3641910644651,40.2927602374745,836
"837",35.7096263964174,37.360935269322,33.9795076524927,35.6945648026835,39.0273057359604,837
"838",41.3972992468665,38.0964401087666,34.9792548254865,36.2532081516034,39.9396720659298,838
"839",30.9294970325536,35.684708581899,32.8826100836299,34.163001982743,37.2064151810549,839
"840",30.5310756786208,38.2667569071674,36.4853033614238,36.4737188619031,40.0597949524318,840
"841",31.9811570004403,38.2802275168252,36.7349211225623,36.4460455065676,40.1144095270828,841
"842",34.6281066750385,35.1607194965588,33.1390848983275,33.6988670378989,36.6225719552186,842
"843",23.3849238743034,34.8001860249408,32.8042925476792,33.2300334442509,36.3703386056306,843
"844",31.6612322180023,36.3593489559065,32.4271404318901,35.1073621702597,37.6113357415533,844
"845",35.6821886646442,39.5498636460782,37.8325735552207,37.458198650645,41.6415286415114,845
"846",26.5340017879607,35.8308048276069,33.3808543773969,34.1751792625931,37.4864303926207,846
"847",28.851402463917,36.8720298462095,33.1601479091588,35.7252593876293,38.0188003047897,847
"848",28.1133270471443,35.5613778305707,34.820000801671,34.0143865470647,37.1083691140766,848
"849",27.6596352432334,34.4203478979834,34.0086110936841,32.7625988297137,36.0780969662531,849
"850",20.4137762498377,40.6796125251863,36.1928010921542,38.9961907314567,42.3630343189159,850
"851",21.2569903871628,34.2649073859523,31.9659038588347,32.7599507132823,35.7698640586223,851
"852",24.0261577021254,34.3638239317273,33.1642382825888,33.1856986860379,35.5419491774168,852
"853",29.6947867321238,39.9068516123688,25.3077707398226,38.5443962005002,41.2693070242375,853
"854",25.760259209702,38.0931037186407,34.5944891591746,36.4967692709609,39.6894381663205,854
"855",35.3338325366595,39.9736417698592,36.471640159565,38.5951390489713,41.352144490747,855
"856",28.5547705341082,36.9463290142312,35.3823182333829,35.3558090271967,38.5368490012657,856
"857",25.5000583112376,32.9272450525194,32.981550706553,31.087806564889,34.7666835401498,857
"858",34.4745112437092,33.9528755416057,33.1854556777221,32.2702872560729,35.6354638271385,858
"859",31.4714052584978,35.4131518316333,33.1993080175268,34.1439314482778,36.6823722149888,859
"860",30.2992003972531,34.0987337770751,31.2956057042122,32.6256290760497,35.5718384781006,860
"861",30.9640282938653,41.6647062685815,36.5551560451942,39.8931519994747,43.4362605376884,861
"862",24.7188374521421,36.4400482031146,32.5174229707458,35.0135555557022,37.866540850527,862
"863",24.774017349307,32.7798990197945,31.7817797344921,31.4065230905482,34.1532749490407,863
"864",24.909763717066,39.041554860463,33.8464230558377,37.6787671618052,40.4043425591208,864
"865",30.109112775104,39.1871208035974,38.4476943515353,37.4911041106778,40.8831374965171,865
"866",24.5561507788558,34.3054599536384,33.1084937177807,32.9921848053734,35.6187351019033,866
"867",23.8033566677388,35.0799799389647,35.030094390765,33.5512907911354,36.6086690867941,867
"868",20.6528930360623,31.0201141419387,31.2105165970586,29.9437549781067,32.0964733057706,868
"869",38.4164332750603,35.5796674843074,33.1894006632136,33.8757933474492,37.2835416211656,869
"870",25.1501692986218,33.3996254720645,31.7423194615214,32.1129033868221,34.6863475573069,870
"871",28.6875365115547,37.8998045862774,37.0008992723697,36.629916451199,39.1696927213558,871
"872",24.2965370773924,35.644587156267,34.159430482634,34.1643068404299,37.124867472104,872
"873",34.9971420600564,37.355189599422,33.7666917329173,35.7093037522109,39.001075446633,873
"874",19.5424005163351,36.9945517440537,33.501997246834,35.5753451368691,38.4137583512383,874
"875",26.8905340936178,34.468575359913,32.4459799874157,32.9780571067271,35.9590936130989,875
"876",28.5570283868493,37.1664680569754,36.3625256532387,35.4342174740222,38.8987186399286,876
"877",33.2985637422211,36.8606232728051,36.65188166827,35.4327990506369,38.2884474949733,877
"878",27.7050305084525,36.0071005122884,35.1022963185742,34.4251745299121,37.5890264946648,878
"879",19.9632001912035,38.2977264607366,29.5037566423098,36.7290099694473,39.8664429520258,879
"880",29.3048225981683,37.1074580315003,35.9926216183007,35.4086923969974,38.8062236660032,880
"881",34.1265610132925,38.2360722363938,36.6066717065524,36.1680970953733,40.3040473774142,881
"882",32.9069500370531,36.9146148447878,35.3255363938057,35.2466372778019,38.5825924117737,882
"883",26.8661431761513,39.0277047352058,35.6465671926973,37.2181488984497,40.8372605719619,883
"884",28.7412042497262,35.6545173367483,34.7241482968544,33.9431267146623,37.3659079588342,884
"885",34.2070994595385,36.1386689773722,35.810849657064,34.3452618920639,37.9320760626804,885
"886",31.7047830973113,34.8531589230584,34.5056524002292,33.3716960747342,36.3346217713827,886
"887",28.7024044058424,38.1984484077722,35.3627259880602,36.8186280791027,39.5782687364417,887
"888",23.0097435663486,38.0897849186267,31.0860690461151,36.7784797585657,39.4010900786877,888
"889",29.0424406353112,34.3170557064235,33.0778431524036,32.2626033310249,36.371508081822,889
"890",21.4932830014866,35.9629550797981,33.1547559338514,34.6254853175596,37.3004248420366,890
"891",30.5495265227878,41.5661273820124,30.8491890303791,39.8447533462325,43.2875014177923,891
"892",31.1932495350424,36.897059986934,32.8752683362533,34.9988241074476,38.7952958664205,892
"893",26.0625508170373,37.023373730148,36.7323525469233,35.3939421995479,38.6528052607481,893
"894",48.1346104378729,36.9212465474596,27.9453633473068,35.5136016473015,38.3288914476178,894
"895",25.1339998236975,37.0250523122321,34.2667284632917,35.2237524218711,38.826352202593,895
"896",30.5262665160411,38.5199412572677,36.783196305064,37.033363069167,40.0065194453685,896
"897",22.5585356669851,33.4370830344103,30.5441552837298,32.0042474894906,34.86991857933,897
"898",21.3974926713933,38.763945896855,35.9408756012051,37.4513592081775,40.0765325855324,898
"899",25.6440783984056,35.7092808067534,34.0022732785863,34.2588688860586,37.1596927274483,899
"900",24.4106752992227,39.372053683823,37.497050399793,37.3817505913092,41.3623567763369,900
"901",31.5497328705506,35.1092342267119,31.9562792354307,33.9138676186651,36.3046008347588,901
"902",32.8695021036713,38.4764348897869,34.9892612955312,36.8947112707438,40.05815850883,902
"903",25.7158136187267,36.4189603941615,35.4240223981192,35.00458738875,37.833333399573,903
"904",30.7047780269512,39.9398780125813,37.8026884016662,38.3672075208658,41.5125485042968,904
"905",26.8584229403096,39.5934519887177,36.3018500906716,38.0764348708192,41.1104691066162,905
"906",23.2092187431575,34.4165930705714,31.2350703573255,32.9291868488921,35.9039992922508,906
"907",27.5274445267141,37.5535210150188,35.053536009848,35.6291880595167,39.4778539705209,907
"908",27.1740065989915,38.9126623305467,35.7801177335236,37.4095829185571,40.4157417425362,908
"909",33.7367332393431,34.523085134494,32.8554549853903,33.4351716505591,35.6109986184289,909
"910",22.8238049991133,33.0453355397304,30.3524673492196,31.5192592985701,34.5714117808906,910
"911",29.0939047220664,36.5598398759613,32.8188212762258,35.2989267616702,37.8207529902525,911
"912",25.8950519668667,35.2668626560731,34.3394736085108,33.610361583865,36.9233637282811,912
"913",39.7232759193983,37.2086459754635,32.5193171854077,35.8731694352118,38.5441225157152,913
"914",29.2381810387399,39.0449598895106,34.0012566006917,37.2161148447745,40.8738049342467,914
"915",35.5535536294855,36.0569889179034,36.1880801461431,34.4866130624198,37.6273647733871,915
"916",20.5755620429354,31.3669590685221,33.4478654485508,29.8009931670698,32.9329249699745,916
"917",27.6790074114275,38.5188554466099,35.3025622696734,36.7418652972951,40.2958455959247,917
"918",24.1036899022421,36.2592260627457,34.2234734009082,34.9993019991986,37.5191501262928,918
"919",28.2420976159404,37.5769230624319,35.3329202827217,35.8725571491101,39.2812889757537,919
"920",33.5475008080866,39.6701304580766,38.4728103827205,38.1898906977944,41.1503702183589,920
"921",29.0410602575751,39.049966443729,34.5309613054971,37.4775801157551,40.6223527717028,921
"922",27.7467474255695,36.562966372757,36.1451818909422,34.6711335971271,38.4547991483869,922
"923",26.4824280491028,35.9306011871448,34.1899422379369,34.3705981459853,37.4906042283043,923
"924",39.0478012768497,37.5451579914245,34.5638948123002,36.3843138311585,38.7060021516905,924
"925",27.1111819805314,40.0524286188735,37.2004714555371,38.3419678388667,41.7628893988802,925
"926",22.0497426244785,38.5582870850629,38.049306168354,37.0607279245849,40.0558462455409,926
"927",35.0609515131316,35.2604612243237,33.3263005918492,33.8821441446261,36.6387783040214,927
"928",29.5941115660274,33.3801978749212,33.2617397132232,31.9675306639843,34.7928650858581,928
"929",16.4650858983595,34.6576648608561,32.4327765214137,33.3573965401632,35.957933181549,929
"930",35.3755805914617,35.7541059458499,34.4476105603506,34.5281872831948,36.9800246085051,930
"931",34.0455099020277,37.736589344002,35.9500669641725,36.2403508658653,39.2328278221386,931
"932",31.5927401315602,37.30763333696,32.8559974466909,35.891544915554,38.723721758366,932
"933",28.0149075235095,35.0660279854597,33.1803201296944,33.4511926914735,36.680863279446,933
"934",16.6889602764756,31.7060788124488,28.4793424697471,30.416587734285,32.9955698906125,934
"935",34.2884953095082,38.0922761931423,34.9955839967799,36.5976589745022,39.5868934117824,935
"936",21.4805742546657,39.4571254008467,35.6361311864858,38.058138587979,40.8561122137144,936
"937",30.1826994087333,39.9270089603354,38.0367069447069,38.1519686540024,41.7020492666685,937
"938",22.4330921946927,38.8721595871023,36.6654412794692,37.4617954448016,40.2825237294031,938
"939",27.1269627660252,36.4907257090411,33.709653941515,34.9605859743845,38.0208654436978,939
"940",21.405381677211,34.2282850782554,31.0767579046262,33.0336482853082,35.4229218712026,940
"941",42.894608284229,39.886247123299,38.235104364979,38.3148208945048,41.4576733520932,941
"942",31.8074522364494,35.7084451857423,33.0769353137851,34.2795613129195,37.137329058565,942
"943",26.6201183861272,36.0630613825709,34.4366807355963,34.4526735688767,37.6734491962652,943
"944",20.1324008149014,34.6277488691788,33.6635897816365,32.887549420613,36.3679483177446,944
"945",28.0462330261939,34.6128431663196,34.3565288892356,33.2907954617102,35.9348908709289,945
"946",22.9339557947738,39.0188828944442,35.1048714140871,37.3228785203489,40.7148872685396,946
"947",20.8026956911766,36.0248304890721,29.8647633417015,34.4707124124655,37.5789485656787,947
"948",39.5258446643521,37.4229612295926,35.8084644313095,35.3665708766553,39.4793515825299,948
"949",31.5462933377962,39.4890923265797,36.1710535243463,37.92151410529,41.0566705478694,949
"950",24.1174465307982,37.1965989114112,33.6938134543226,35.5399423515516,38.8532554712707,950
"951",30.9096266483495,37.5528047026211,36.6734114963102,35.8248647834521,39.2807446217901,951
"952",31.0279779153598,37.1146738961987,32.1954632605252,35.5865730953948,38.6427746970025,952
"953",22.1699338834491,33.4768566026099,31.7235079013217,32.2762129482564,34.6775002569634,953
"954",24.7851706524492,37.6167989769152,34.6962922312413,36.2953330468043,38.9382649070261,954
"955",30.5876649794226,34.7704250888674,32.0599859524202,33.6258013154472,35.9150488622877,955
"956",30.9257408769212,33.1387225213549,30.0589891866242,31.1312048095404,35.1462402331693,956
"957",34.1002537636887,37.5697315588943,35.4392001324235,35.781819394219,39.3576437235695,957
"958",26.6489823952284,34.7181457094293,33.9585696867036,32.9873555319425,36.448935886916,958
"959",24.3333578664459,37.0892999407396,34.7981892486392,35.4473103082376,38.7312895732416,959
"960",27.3594228625392,36.1514529577201,34.3398760736756,34.6241599265353,37.6787459889048,960
"961",35.4780934824129,38.5493599001215,29.194531950592,37.310612339577,39.788107460666,961
"962",34.84138118511,34.3806641710676,34.2117253628263,32.4897239707639,36.2716043713713,962
"963",29.8037175984183,36.4583621007849,35.9323340543526,35.1721783583931,37.7445458431766,963
"964",24.3345688800097,40.7221584367846,38.3405265521051,39.1757601823587,42.2685566912106,964
"965",41.2267835933675,36.9430297664165,35.9502004189328,35.5839405560933,38.3021189767398,965
"966",27.1329196714154,33.9299973044286,30.9050853190421,32.6267157906656,35.2332788181917,966
"967",23.1297617462009,36.0464058922422,33.3363422719989,34.412346815501,37.6804649689834,967
"968",17.4067508515137,32.189498116543,24.3123551301813,30.9643108517336,33.4146853813524,968
"969",19.8365668907352,37.1156630381082,30.4767486203905,35.5492605623713,38.6820655138451,969
"970",31.3973702187585,34.9370230363275,32.7361139823875,33.2979531956683,36.5760928769867,970
"971",31.6809728761816,37.5677779797755,37.1337658237555,36.2439489749764,38.8916069845747,971
"972",29.9490380863066,35.188945610016,33.2801860117143,33.2248388396625,37.1530523803695,972
"973",36.5205363768489,36.619966268221,32.0595205399991,35.4102693147079,37.8296632217341,973
"974",19.8551516601129,39.4643542664356,32.026526289827,37.944269477408,40.9844390554633,974
"975",23.0662470080061,31.6441508607399,29.9796066852785,30.6820458945146,32.6062558269653,975
"976",27.9930530935316,40.4474362029194,35.9520427502307,38.8219532280707,42.0729191777681,976
"977",17.8156625633569,33.7968614698062,26.9973204607687,32.7533240938599,34.8403988457526,977
"978",27.8540549237412,34.7890626653565,33.9688567584283,33.6002081514857,35.9779171792274,978
"979",27.1677721442428,37.3163417181669,33.1020854434653,35.6422369155546,38.9904465207793,979
"980",34.2684505732376,35.9774200243249,35.386049200962,34.4732553013419,37.4815847473078,980
"981",8.09963715256681,30.7825185114984,25.4487740556269,29.5189022080675,32.0461348149292,981
"982",35.3882534481442,38.7748811895756,38.3293788698754,36.7468806134944,40.8028817656569,982
"983",33.2364107200263,40.9962098118543,38.6851250129693,39.4069452146921,42.5854744090166,983
"984",20.643992508132,35.5985193410104,30.5422585156267,34.331430337891,36.8656083441297,984
"985",28.4822429531381,36.8800834378605,35.2276107469119,35.375603746088,38.3845631296329,985
"986",25.0226900856324,34.6686105569568,30.4810340103054,33.6072590704932,35.7299620434204,986
"987",21.8155138876591,35.8306252178462,34.0664825838873,34.1767937889549,37.4844566467376,987
"988",39.0865267895138,37.8417520420232,35.4007625675011,36.2350369236933,39.4484671603531,988
"989",31.2970098315103,38.8201492444136,35.210381031855,36.856162809324,40.7841356795033,989
"990",23.537897133875,35.0360508021153,34.2642814467191,33.7433408219221,36.3287607823085,990
"991",31.9912924046426,34.0013753227342,33.3517562058943,32.3659607804595,35.6367898650089,991
"992",35.0467752768081,39.7367042829727,37.5974019158657,38.1311759736615,41.342232592284,992
"993",25.9903490408063,39.8824795149633,34.8414931802555,37.7648268573375,42.0001321725892,993
"994",24.7244227671041,35.4410127248354,33.6044615387096,33.7755930907078,37.1064323589631,994
"995",25.945043125541,34.2845381257041,31.9388258267014,33.1346808869128,35.4343953644953,995
"996",30.8615827492618,37.669193617333,35.5603232216905,36.0482494462885,39.2901377883774,996
"997",18.7199513014049,36.3959202789505,32.1414712121506,35.1950513742532,37.5967891836478,997
"998",23.3327719529061,38.0296622288966,36.0860979362008,36.2128748642715,39.8464495935217,998
"999",20.574200415483,36.909730523653,32.8251447141391,35.4528255997728,38.3666354475332,999
"1000",16.3593903010865,32.7874588434163,31.3283817110059,31.5098398188968,34.0650778679358,1000
